Age,Team,Group,Position,Name,DOB,Caps,Goals,Country and Club
30,Egypt,A,DF,Ahmed Elmohamady,09-09-87,76,2,England Aston Villa
33,Egypt,A,DF,Ahmed Fathy,10-11-84,124,3,Egypt Al Ahly
27,Egypt,A,DF,Ahmed Hegazi,25-01-91,43,1,England West Bromwich Albion
24,Egypt,A,DF,Ali Gabr,28-07-93,20,1,England West Bromwich Albion
27,Egypt,A,DF,Ayman Ashraf,09-04-91,4,0,Egypt Al Ahly
23,Egypt,A,DF,Mahmoud Hamdy,01-06-95,0,0,Egypt Zamalek
32,Egypt,A,DF,Mohamed Abdel-Shafy,01-07-85,49,1,Saudi Arabia Al Fateh
26,Egypt,A,DF,Omar Gaber,30-01-92,23,0,United States Los Angeles FC
29,Egypt,A,DF,Saad Samir,01-04-89,10,0,Egypt Al Ahly
29,Egypt,A,FW,Marwan Mohsen,26-02-89,22,4,Egypt Al Ahly
25,Egypt,A,FW,Mohamed Salah,15-06-92,57,33,England Liverpool
45,Egypt,A,GK,Essam El-Hadary (captain),15-01-73,156,0,Saudi Arabia Al Taawoun
29,Egypt,A,GK,Mohamed El-Shenawy,18-12-88,1,0,Egypt Al Ahly
34,Egypt,A,GK,Sherif Ekramy,01-07-83,22,0,Egypt Al Ahly
32,Egypt,A,MF,Abdallah Said,13-07-85,34,6,Finland KuPS
24,Egypt,A,MF,Amr Warda,13-09-93,14,0,Greece Atromitos
24,Egypt,A,MF,Kahraba,13-04-94,17,3,Saudi Arabia Al Ittihad
25,Egypt,A,MF,Mohamed Elneny,11-07-92,60,5,England Arsenal
21,Egypt,A,MF,Ramadan Sobhi,23-01-97,21,1,England Stoke City
26,Egypt,A,MF,Sam Morsy,10-09-91,3,0,England Wigan Athletic
32,Egypt,A,MF,Shikabala,05-03-86,28,2,Saudi Arabia Al Raed
29,Egypt,A,MF,Tarek Hamed,24-10-88,19,0,Egypt Zamalek
23,Egypt,A,MF,Trézéguet,01-10-94,23,2,Turkey Kas?mpa?a
29,Russia,A,DF,Andrei Semyonov,24-03-89,6,0,Russia Akhmat Grozny
31,Russia,A,DF,Fyodor Kudryashov,05-04-87,17,0,Russia Rubin Kazan
29,Russia,A,DF,Igor Smolnikov,08-08-88,25,0,Russia Zenit Saint Petersburg
24,Russia,A,DF,Ilya Kutepov,29-07-93,6,0,Russia Spartak Moscow
27,Russia,A,DF,Mário Fernandes,19-09-90,3,0,Russia CSKA Moscow
38,Russia,A,DF,Sergei Ignashevich,14-07-79,120,8,Russia CSKA Moscow
31,Russia,A,DF,Vladimir Granat,22-05-87,11,1,Russia Rubin Kazan
22,Russia,A,FW,Aleksei Miranchuk,17-10-95,16,4,Russia Lokomotiv Moscow
29,Russia,A,FW,Artem Dzyuba,22-08-88,22,11,Russia Arsenal Tula
28,Russia,A,FW,Fyodor Smolov,05-02-90,30,12,Russia Krasnodar
26,Russia,A,GK,Andrey Lunyov,13-11-91,3,0,Russia Zenit Saint Petersburg
32,Russia,A,GK,Igor Akinfeev (captain),08-04-86,104,0,Russia CSKA Moscow
34,Russia,A,GK,Vladimir Gabulov,19-10-83,10,0,Belgium Club Brugge
27,Russia,A,MF,Alan Dzagoev,17-06-90,55,9,Russia CSKA Moscow
22,Russia,A,MF,Aleksandr Golovin,30-05-96,17,2,Russia CSKA Moscow
33,Russia,A,MF,Aleksandr Samedov,19-07-84,46,6,Russia Spartak Moscow
28,Russia,A,MF,Aleksandr Yerokhin,13-10-89,17,0,Russia Zenit Saint Petersburg
22,Russia,A,MF,Anton Miranchuk,17-10-95,4,0,Russia Lokomotiv Moscow
25,Russia,A,MF,Daler Kuzyayev,15-01-93,4,0,Russia Zenit Saint Petersburg
27,Russia,A,MF,Denis Cheryshev,26-12-90,10,0,Spain Villarreal
24,Russia,A,MF,Roman Zobnin,11-02-94,10,0,Russia Spartak Moscow
34,Russia,A,MF,Yuri Zhirkov,20-08-83,82,2,Russia Zenit Saint Petersburg
28,Russia,A,MF,Yury Gazinsky,20-07-89,5,0,Russia Krasnodar
28,Saudi Arabia,A,DF,Ali Al Bulaihi,21-11-89,1,0,Saudi Arabia Al-Hilal
30,Saudi Arabia,A,DF,Mansoor Al-Harbi,19-10-87,37,1,Saudi Arabia Al-Ahli
25,Saudi Arabia,A,DF,Mohammed Al-Breik,15-09-92,9,1,Saudi Arabia Al-Hilal
26,Saudi Arabia,A,DF,Motaz Hawsawi,17-02-92,15,0,Saudi Arabia Al-Ahli
32,Saudi Arabia,A,DF,Omar Hawsawi,27-09-85,40,3,Saudi Arabia Al-Nassr
34,Saudi Arabia,A,DF,Osama Hawsawi (captain),31-03-84,133,7,Saudi Arabia Al-Hilal
26,Saudi Arabia,A,DF,Yasser Al-Shahrani,25-05-92,34,0,Saudi Arabia Al-Hilal
23,Saudi Arabia,A,FW,Fahad Al-Muwallad,14-09-94,42,10,Spain Levante
31,Saudi Arabia,A,FW,Mohammad Al-Sahlawi,10-01-87,38,28,Saudi Arabia Al-Nassr
31,Saudi Arabia,A,FW,Muhannad Assiri,14-10-86,17,4,Saudi Arabia Al-Ahli
31,Saudi Arabia,A,GK,Abdullah Al-Mayouf,23-01-87,9,0,Saudi Arabia Al-Hilal
26,Saudi Arabia,A,GK,Mohammed Al-Owais,10-10-91,5,0,Saudi Arabia Al-Ahli
34,Saudi Arabia,A,GK,Yasser Al Mosailem,27-02-84,32,0,Saudi Arabia Al-Ahli
21,Saudi Arabia,A,MF,Abdullah Al-Khaibari,16-08-96,3,0,Saudi Arabia Al-Shabab
25,Saudi Arabia,A,MF,Abdullah Otayf,03-08-92,14,1,Saudi Arabia Al-Hilal
32,Saudi Arabia,A,MF,Abdulmalek Al-Khaibri,13-03-86,35,0,Saudi Arabia Al-Hilal
25,Saudi Arabia,A,MF,Hattan Bahebri,16-07-92,3,0,Saudi Arabia Al-Shabab
30,Saudi Arabia,A,MF,Housain Al-Mogahwi,28-01-88,15,1,Saudi Arabia Al-Ahli
23,Saudi Arabia,A,MF,Mohamed Kanno,22-09-94,5,1,Saudi Arabia Al-Hilal
26,Saudi Arabia,A,MF,Salem Al-Dawsari,19-08-91,30,4,Spain Villarreal
28,Saudi Arabia,A,MF,Salman Al-Faraj,01-08-89,40,3,Saudi Arabia Al-Hilal
33,Saudi Arabia,A,MF,Taisir Al-Jassim,25-07-84,129,18,Saudi Arabia Al-Ahli
27,Saudi Arabia,A,MF,Yahya Al-Shehri,26-06-90,55,7,Spain Leganés
32,Uruguay,A,DF,Diego Godín (captain),16-02-86,115,8,Spain Atlético Madrid
24,Uruguay,A,DF,Gastón Silva,05-03-94,17,0,Argentina Independiente
25,Uruguay,A,DF,Guillermo Varela,24-03-93,3,0,Uruguay Peñarol
23,Uruguay,A,DF,José Giménez,20-01-95,41,4,Spain Atlético Madrid
31,Uruguay,A,DF,Martín Cáceres,07-04-87,75,4,Italy Lazio
34,Uruguay,A,DF,Maxi Pereira,08-06-84,124,3,Portugal Porto
27,Uruguay,A,DF,Sebastián Coates,07-10-90,30,1,Portugal Sporting CP
31,Uruguay,A,FW,Cristhian Stuani,10-12-86,40,5,Spain Girona
31,Uruguay,A,FW,Edinson Cavani,14-02-87,100,42,France Paris Saint-Germain
31,Uruguay,A,FW,Luis Suárez,24-01-87,97,50,Spain Barcelona
21,Uruguay,A,FW,Maxi Gómez,14-08-96,4,0,Spain Celta Vigo
31,Uruguay,A,GK,Fernando Muslera,16-06-86,96,0,Turkey Galatasaray
29,Uruguay,A,GK,Martín Campaña,29-05-89,1,0,Argentina Independiente
35,Uruguay,A,GK,Martín Silva,23-03-83,11,0,Brazil Vasco da Gama
33,Uruguay,A,MF,Carlos Sánchez,02-12-84,35,1,Mexico Monterrey
32,Uruguay,A,MF,Cristian Rodríguez,30-09-85,104,11,Uruguay Peñarol
25,Uruguay,A,MF,Diego Laxalt,07-02-93,5,0,Italy Genoa
24,Uruguay,A,MF,Giorgian De Arrascaeta,01-05-94,13,1,Brazil Cruzeiro
28,Uruguay,A,MF,Jonathan Urretaviscaya,19-03-90,4,0,Mexico Monterrey
22,Uruguay,A,MF,Lucas Torreira,11-02-96,2,0,Italy Sampdoria
26,Uruguay,A,MF,Matías Vecino,24-08-91,21,1,Italy Internazionale
22,Uruguay,A,MF,Nahitan Nández,28-12-95,11,0,Argentina Boca Juniors
21,Uruguay,A,MF,Rodrigo Bentancur,05-06-97,6,0,Italy Juventus
21,Iran,B,DF,Majid Hosseini,20-06-96,0,0,Iran Esteghlal
24,Iran,B,DF,Milad Mohammadi,29-09-93,16,0,Russia Akhmat Grozny
27,Iran,B,DF,Mohammad Reza Khanzadeh,11-05-91,10,1,Iran Padideh
26,Iran,B,DF,Morteza Pouraliganji,19-04-92,25,2,Qatar Al-Sadd
34,Iran,B,DF,Pejman Montazeri,06-09-83,45,1,Iran Esteghlal
28,Iran,B,DF,Ramin Rezaeian,21-03-90,26,2,Belgium Oostende
24,Iran,B,DF,Rouzbeh Cheshmi,24-07-93,7,0,Iran Esteghlal
24,Iran,B,FW,Alireza Jahanbakhsh,11-08-93,36,4,Netherlands AZ
28,Iran,B,FW,Karim Ansarifard,03-04-90,61,16,Greece Olympiacos
25,Iran,B,FW,Mehdi Taremi,18-07-92,23,11,Qatar Al-Gharafa
30,Iran,B,FW,Reza Ghoochannejhad,20-09-87,40,17,Netherlands Heerenveen
23,Iran,B,FW,Sardar Azmoun,01-01-95,31,23,Russia Rubin Kazan
25,Iran,B,GK,Alireza Beiranvand,21-09-92,20,0,Iran Persepolis
25,Iran,B,GK,Amir Abedzadeh,26-04-93,0,0,Portugal Marítimo
29,Iran,B,GK,Mohammad Rashid Mazaheri,18-05-89,3,0,Iran Zob Ahan Esfahan
32,Iran,B,MF,Ashkan Dejagah,05-06-86,44,8,England Nottingham Forest
28,Iran,B,MF,Ehsan Hajsafi,25-02-90,91,6,Greece Olympiacos
34,Iran,B,MF,Masoud Shojaei (captain),09-06-84,72,8,Greece AEK Athens
23,Iran,B,MF,Mehdi Torabi,10-09-94,14,4,Iran Saipa
30,Iran,B,MF,Omid Ebrahimi,16-09-87,28,0,Iran Esteghlal
21,Iran,B,MF,Saeid Ezatolahi,01-10-96,24,1,Russia Amkar Perm
24,Iran,B,MF,Saman Ghoddos,06-09-93,6,1,Sweden Östersund
30,Iran,B,MF,Vahid Amiri,02-04-88,33,1,Iran Persepolis
19,Morocco,B,DF,Achraf Hakimi,04-11-98,7,1,Spain Real Madrid
20,Morocco,B,DF,Hamza Mendyl,21-10-97,11,0,France Lille
32,Morocco,B,DF,Manuel da Costa,06-05-86,25,1,Turkey ?stanbul Ba?ak?ehir
31,Morocco,B,DF,Medhi Benatia (captain),17-04-87,54,2,Italy Juventus
32,Morocco,B,DF,Nabil Dirar,25-02-86,34,3,Turkey Fenerbahçe
28,Morocco,B,DF,Romain Saïss,26-03-90,21,1,England Wolverhampton Wanderers
24,Morocco,B,FW,Ayoub El Kaabi,26-06-93,8,10,Morocco RS Berkane
31,Morocco,B,FW,Aziz Bouhaddouz,29-01-87,13,3,Germany FC St. Pauli
31,Morocco,B,FW,Khalid Boutaïb,24-04-87,15,7,Turkey Yeni Malatyaspor
21,Morocco,B,FW,Youssef En-Nesyri,01-06-97,15,1,Spain Málaga
22,Morocco,B,GK,Ahmed Reda Tagnaouti,05-04-96,2,0,Morocco IR Tanger
29,Morocco,B,GK,Munir Mohamedi,10-05-89,25,0,Spain Numancia
27,Morocco,B,GK,Yassine Bounou,05-04-91,10,0,Spain Girona
20,Morocco,B,MF,Amine Harit,18-06-97,3,0,Germany Schalke 04
29,Morocco,B,MF,Fayçal Fajr,01-08-88,21,2,Spain Getafe
25,Morocco,B,MF,Hakim Ziyech,19-03-93,15,8,Netherlands Ajax
33,Morocco,B,MF,Karim El Ahmadi,27-01-85,48,1,Netherlands Feyenoord
33,Morocco,B,MF,Mbark Boussoufa,15-08-84,56,7,United Arab Emirates Al-Jazira
28,Morocco,B,MF,Mehdi Carcela,01-07-89,19,1,Belgium Standard Liège
31,Morocco,B,MF,Nordin Amrabat,31-03-87,41,4,Spain Leganés
21,Morocco,B,MF,Sofyan Amrabat,21-08-96,4,0,Netherlands Feyenoord
28,Morocco,B,MF,Younès Belhanda,25-02-90,44,3,Turkey Galatasaray
21,Morocco,B,MF,Youssef Aït Bennasser,07-07-96,11,0,France Caen
36,Portugal,B,DF,Bruno Alves,27-11-81,95,11,Scotland Rangers
26,Portugal,B,DF,Cédric,31-08-91,26,1,England Southampton
34,Portugal,B,DF,José Fonte,22-12-83,28,0,China Dalian Yifang
27,Portugal,B,DF,Mário Rui,27-05-91,1,0,Italy Napoli
35,Portugal,B,DF,Pepe,26-02-83,92,5,Turkey Be?ikta?
24,Portugal,B,DF,Raphaël Guerreiro,22-12-93,21,2,Germany Borussia Dortmund
24,Portugal,B,DF,Ricardo Pereira,06-10-93,3,0,Portugal Porto
21,Portugal,B,DF,Rúben Dias,14-05-97,0,0,Portugal Benfica
22,Portugal,B,FW,André Silva,06-11-95,20,11,Italy Milan
33,Portugal,B,FW,Cristiano Ronaldo (captain),05-02-85,149,81,Spain Real Madrid
23,Portugal,B,FW,Gelson Martins,11-05-95,17,0,Portugal Sporting CP
21,Portugal,B,FW,Gonçalo Guedes,29-11-96,7,1,Spain Valencia
34,Portugal,B,FW,Ricardo Quaresma,26-09-83,74,9,Turkey Be?ikta?
27,Portugal,B,GK,Anthony Lopes,01-10-90,6,0,France Lyon
36,Portugal,B,GK,Beto,01-06-82,13,0,Turkey Göztepe
30,Portugal,B,GK,Rui Patrício,15-02-88,68,0,Portugal Sporting CP
29,Portugal,B,MF,Adrien Silva,15-03-89,21,1,England Leicester City
23,Portugal,B,MF,Bernardo Silva,10-08-94,22,2,England Manchester City
23,Portugal,B,MF,Bruno Fernandes,08-09-94,4,0,Portugal Sporting CP
25,Portugal,B,MF,João Mário,19-01-93,33,1,England West Ham United
31,Portugal,B,MF,João Moutinho,08-09-86,107,7,France Monaco
32,Portugal,B,MF,Manuel Fernandes,05-02-86,12,3,Russia Lokomotiv Moscow
26,Portugal,B,MF,William Carvalho,07-04-92,40,2,Portugal Sporting CP
22,Spain,B,DF,Álvaro Odriozola,14-12-95,2,0,Spain Real Sociedad
28,Spain,B,DF,César Azpilicueta,28-08-89,21,0,England Chelsea
26,Spain,B,DF,Dani Carvajal,11-01-92,15,0,Spain Real Madrid
31,Spain,B,DF,Gerard Piqué,02-02-87,96,5,Spain Barcelona
29,Spain,B,DF,Jordi Alba,21-03-89,60,8,Spain Barcelona
28,Spain,B,DF,Nacho,18-01-90,15,0,Spain Real Madrid
32,Spain,B,DF,Nacho Monreal,26-02-86,21,1,England Arsenal
32,Spain,B,DF,Sergio Ramos (captain),30-03-86,151,13,Spain Real Madrid
29,Spain,B,FW,Diego Costa,07-10-88,18,7,Spain Atlético Madrid
30,Spain,B,FW,Iago Aspas,01-08-87,8,4,Spain Celta Vigo
26,Spain,B,FW,Lucas Vázquez,01-07-91,5,0,Spain Real Madrid
22,Spain,B,FW,Marco Asensio,21-01-96,10,0,Spain Real Madrid
27,Spain,B,FW,Rodrigo,06-03-91,4,2,Spain Valencia
27,Spain,B,GK,David de Gea,07-11-90,27,0,England Manchester United
23,Spain,B,GK,Kepa Arrizabalaga,03-10-94,1,0,Spain Athletic Bilbao
35,Spain,B,GK,Pepe Reina,31-08-82,36,0,Italy Napoli
34,Spain,B,MF,Andrés Iniesta,11-05-84,125,14,Spain Barcelona
32,Spain,B,MF,David Silva,08-01-86,119,35,England Manchester City
26,Spain,B,MF,Isco,21-04-92,27,10,Spain Real Madrid
26,Spain,B,MF,Koke,08-01-92,38,0,Spain Atlético Madrid
23,Spain,B,MF,Saúl,21-11-94,9,0,Spain Atlético Madrid
29,Spain,B,MF,Sergio Busquets,16-07-88,102,2,Spain Barcelona
27,Spain,B,MF,Thiago,11-04-91,27,2,Germany Bayern Munich
27,Australia,C,DF,Aziz Behich,16-10-90,21,2,Turkey Bursaspor
30,Australia,C,DF,James Meredith,04-04-88,2,0,England Millwall
25,Australia,C,DF,Josh Risdon,27-07-92,6,0,Australia Western Sydney Wanderers
28,Australia,C,DF,Matthew Jurman,08-12-89,4,0,South Korea Suwon Samsung Bluewings
24,Australia,C,DF,Milos Degenek,28-04-94,17,0,Japan Yokohama F. Marinos
26,Australia,C,DF,Trent Sainsbury,05-01-92,33,3,Switzerland Grasshoppers
25,Australia,C,FW,Andrew Nabbout,17-12-92,2,0,Japan Urawa Red Diamonds
24,Australia,C,FW,Jamie Maclaren,29-07-93,6,0,Scotland Hibernian
27,Australia,C,FW,Mathew Leckie,04-02-91,51,6,Germany Hertha BSC
29,Australia,C,FW,Robbie Kruse,05-10-88,62,5,Germany VfL Bochum
38,Australia,C,FW,Tim Cahill,06-12-79,105,50,England Millwall
26,Australia,C,FW,Tomi Juric,22-07-91,34,8,Switzerland Luzern
36,Australia,C,GK,Brad Jones,19-03-82,5,0,Netherlands Feyenoord
33,Australia,C,GK,Danny Vukovic,27-03-85,1,0,Belgium Genk
26,Australia,C,GK,Mathew Ryan,08-04-92,42,0,England Brighton & Hove Albion
27,Australia,C,MF,Aaron Mooy,15-09-90,32,5,England Huddersfield Town
19,Australia,C,MF,Daniel Arzani,04-01-99,0,0,Australia Melbourne City
25,Australia,C,MF,Dimitri Petratos,10-11-92,1,0,Australia Newcastle Jets
25,Australia,C,MF,Jackson Irvine,07-03-93,17,2,England Hull City
32,Australia,C,MF,Mark Milligan,04-08-85,69,6,Saudi Arabia Al-Ahli
25,Australia,C,MF,Massimo Luongo,25-09-92,34,5,England Queens Park Rangers
33,Australia,C,MF,Mile Jedinak (captain),03-08-84,75,18,England Aston Villa
25,Australia,C,MF,Tom Rogic,16-12-92,35,7,Scotland Celtic
22,Denmark,C,DF,Andreas Christensen,10-04-96,14,1,England Chelsea
28,Denmark,C,DF,Henrik Dalsgaard,27-07-89,9,0,England Brentford
25,Denmark,C,DF,Jannik Vestergaard,03-08-92,15,1,Germany Borussia Mönchengladbach
27,Denmark,C,DF,Jens Stryger Larsen,21-02-91,11,1,Italy Udinese
25,Denmark,C,DF,Jonas Knudsen,16-09-92,3,0,England Ipswich Town
28,Denmark,C,DF,Mathias Jørgensen,23-04-90,12,0,England Huddersfield Town
29,Denmark,C,DF,Simon Kjær (captain),26-03-89,76,3,Spain Sevilla
25,Denmark,C,FW,Andreas Cornelius,16-03-93,18,4,Italy Atalanta
20,Denmark,C,FW,Kasper Dolberg,06-10-97,4,1,Netherlands Ajax
27,Denmark,C,FW,Martin Braithwaite,05-06-91,18,1,France Bordeaux
27,Denmark,C,FW,Nicolai Jørgensen,15-01-91,29,8,Netherlands Feyenoord
24,Denmark,C,FW,Viktor Fischer,09-06-94,17,3,Denmark Copenhagen
23,Denmark,C,FW,Yussuf Poulsen,15-06-94,26,3,Germany RB Leipzig
25,Denmark,C,GK,Frederik Rønnow,04-08-92,6,0,Denmark Brøndby
29,Denmark,C,GK,Jonas Lössl,01-02-89,1,0,England Huddersfield Town
31,Denmark,C,GK,Kasper Schmeichel,05-11-86,33,0,England Leicester City
26,Denmark,C,MF,Christian Eriksen,14-02-92,77,21,England Tottenham Hotspur
32,Denmark,C,MF,Lasse Schöne,27-05-86,34,3,Netherlands Ajax
24,Denmark,C,MF,Lukas Lerager,12-07-93,3,0,France Bordeaux
35,Denmark,C,MF,Michael Krohn-Dehli,06-06-83,57,6,Spain Deportivo La Coruña
23,Denmark,C,MF,Pione Sisto,04-02-95,12,1,Spain Celta Vigo
26,Denmark,C,MF,Thomas Delaney,03-09-91,25,4,Germany Werder Bremen
33,Denmark,C,MF,William Kvist,24-02-85,78,2,Denmark Copenhagen
32,France,C,DF,Adil Rami,27-12-85,33,1,France Marseille
23,France,C,DF,Benjamin Mendy,17-07-94,4,0,England Manchester City
22,France,C,DF,Benjamin Pavard,28-03-96,3,0,Germany VfB Stuttgart
25,France,C,DF,Djibril Sidibé,29-07-92,15,1,France Monaco
22,France,C,DF,Lucas Hernández,14-02-96,2,0,Spain Atlético Madrid
22,France,C,DF,Presnel Kimpembe,13-08-95,1,0,France Paris Saint-Germain
25,France,C,DF,Raphaël Varane,25-04-93,41,2,Spain Real Madrid
24,France,C,DF,Samuel Umtiti,14-11-93,16,1,Spain Barcelona
27,France,C,FW,Antoine Griezmann,21-03-91,51,19,Spain Atlético Madrid
25,France,C,FW,Florian Thauvin,26-01-93,3,0,France Marseille
19,France,C,FW,Kylian Mbappé,20-12-98,12,3,France Paris Saint-Germain
24,France,C,FW,Nabil Fekir,18-07-93,10,1,France Lyon
31,France,C,FW,Olivier Giroud,30-09-86,71,30,England Chelsea
21,France,C,FW,Ousmane Dembélé,15-05-97,9,1,Spain Barcelona
25,France,C,GK,Alphonse Areola,27-02-93,0,0,France Paris Saint-Germain
31,France,C,GK,Hugo Lloris (captain),26-12-86,96,0,England Tottenham Hotspur
33,France,C,GK,Steve Mandanda,28-03-85,26,0,France Marseille
31,France,C,MF,Blaise Matuidi,09-04-87,64,9,Italy Juventus
23,France,C,MF,Corentin Tolisso,03-08-94,6,0,Germany Bayern Munich
27,France,C,MF,N'Golo Kanté,29-03-91,22,1,England Chelsea
25,France,C,MF,Paul Pogba,15-03-93,51,9,England Manchester United
29,France,C,MF,Steven Nzonzi,15-12-88,2,0,Spain Sevilla
22,France,C,MF,Thomas Lemar,12-11-95,10,3,France Monaco
34,Peru,C,DF,Alberto Rodríguez,31-05-84,58,0,Colombia Atlético Junior
29,Peru,C,DF,Aldo Corzo,20-05-89,23,0,Peru Universitario
26,Peru,C,DF,Anderson Santamaría,10-01-92,2,0,Mexico Puebla
29,Peru,C,DF,Christian Ramos,04-11-88,63,3,Mexico Veracruz
28,Peru,C,DF,Luis Advíncula,02-03-90,62,0,Mexico Lobos BUAP
23,Peru,C,DF,Miguel Araujo,24-10-94,2,0,Peru Alianza Lima
25,Peru,C,DF,Miguel Trauco,25-08-92,24,0,Brazil Flamengo
23,Peru,C,DF,Nilson Loyola,26-10-94,3,0,Peru FBC Melgar
27,Peru,C,FW,André Carrillo,14-06-91,42,4,England Watford
23,Peru,C,FW,Andy Polo,29-09-94,15,1,United States Portland Timbers
33,Peru,C,FW,Jefferson Farfán,26-10-84,81,24,Russia Lokomotiv Moscow
34,Peru,C,FW,Paolo Guerrero (captain),01-01-84,87,34,Brazil Flamengo
27,Peru,C,FW,Paolo Hurtado,27-07-90,29,3,Portugal Vitória de Guimarães
27,Peru,C,FW,Raúl Ruidíaz,25-07-90,29,4,Mexico Morelia
26,Peru,C,GK,Carlos Cáceda,27-09-91,4,0,Peru Deportivo Municipal
32,Peru,C,GK,José Carvallo,01-03-86,5,0,Peru UTC
28,Peru,C,GK,Pedro Gallese,23-04-90,36,0,Mexico Veracruz
26,Peru,C,MF,Christian Cueva,23-11-91,41,7,Brazil São Paulo
24,Peru,C,MF,Edison Flores,14-05-94,26,9,Denmark AaB
23,Peru,C,MF,Pedro Aquino,13-04-95,10,0,Mexico Lobos BUAP
22,Peru,C,MF,Renato Tapia,28-07-95,20,1,Netherlands Feyenoord
23,Peru,C,MF,Wilder Cartagena,23-09-94,2,0,Mexico Veracruz
28,Peru,C,MF,Yoshimar Yotún,07-04-90,70,2,United States Orlando City
31,Argentina,D,DF,Cristian Ansaldi,20-09-86,5,0,Italy Torino
27,Argentina,D,DF,Eduardo Salvio,13-07-90,8,0,Portugal Benfica
31,Argentina,D,DF,Federico Fazio,30-01-87,8,1,Italy Roma
31,Argentina,D,DF,Gabriel Mercado,18-03-87,20,3,Spain Sevilla
34,Argentina,D,DF,Javier Mascherano,08-06-84,142,3,China Hebei China Fortune
26,Argentina,D,DF,Marcos Acuña,28-10-91,9,0,Portugal Sporting CP
27,Argentina,D,DF,Marcos Rojo,28-11-90,55,2,England Manchester United
29,Argentina,D,DF,Nicolás Otamendi,05-07-88,53,4,England Manchester City
25,Argentina,D,DF,Nicolás Tagliafico,31-08-92,3,0,Netherlands Ajax
30,Argentina,D,FW,Gonzalo Higuaín,10-12-87,70,31,Italy Juventus
30,Argentina,D,FW,Lionel Messi (captain),24-06-87,123,61,Spain Barcelona
24,Argentina,D,FW,Paulo Dybala,15-11-93,12,0,Italy Juventus
30,Argentina,D,FW,Sergio Agüero,02-06-88,84,36,England Manchester City
31,Argentina,D,GK,Franco Armani,16-10-86,0,0,Argentina River Plate
32,Argentina,D,GK,Nahuel Guzmán,10-02-86,6,0,Mexico UANL
36,Argentina,D,GK,Willy Caballero,28-09-81,2,0,England Chelsea
30,Argentina,D,MF,Ángel Di María,21-05-88,93,19,France Paris Saint-Germain
22,Argentina,D,MF,Cristian Pavón,21-01-96,4,0,Argentina Boca Juniors
29,Argentina,D,MF,Éver Banega,29-06-88,61,6,Spain Sevilla
22,Argentina,D,MF,Giovani Lo Celso,09-04-96,4,0,France Paris Saint-Germain
32,Argentina,D,MF,Lucas Biglia,30-01-86,36,1,Italy Milan
25,Argentina,D,MF,Manuel Lanzini,13-02-93,3,1,England West Ham United
26,Argentina,D,MF,Maximiliano Meza,15-01-92,1,0,Argentina Independiente
28,Croatia,D,DF,Dejan Lovren,05-07-89,37,2,England Liverpool
29,Croatia,D,DF,Domagoj Vida,29-04-89,57,2,Turkey Be?ikta?
21,Croatia,D,DF,Duje ?aleta-Car,17-09-96,0,0,Austria Red Bull Salzburg
30,Croatia,D,DF,Ivan Strini?,17-07-87,42,0,Italy Sampdoria
29,Croatia,D,DF,Josip Pivari?,30-01-89,19,0,Ukraine Dynamo Kyiv
26,Croatia,D,DF,Šime Vrsaljko,10-01-92,34,0,Spain Atlético Madrid
22,Croatia,D,DF,Tin Jedvaj,28-11-95,10,0,Germany Bayer Leverkusen
32,Croatia,D,DF,Vedran ?orluka,05-02-86,97,4,Russia Lokomotiv Moscow
26,Croatia,D,FW,Andrej Kramari?,19-06-91,29,8,Germany 1899 Hoffenheim
24,Croatia,D,FW,Ante Rebi?,21-09-93,14,1,Germany Eintracht Frankfurt
29,Croatia,D,FW,Ivan Periši?,02-02-89,64,17,Italy Internazionale
32,Croatia,D,FW,Mario Mandžuki?,21-05-86,82,30,Italy Juventus
23,Croatia,D,FW,Marko Pjaca,06-05-95,15,1,Germany Schalke 04
30,Croatia,D,FW,Nikola Kalini?,05-01-88,41,15,Italy Milan
33,Croatia,D,GK,Danijel Subaši?,27-10-84,36,0,France Monaco
23,Croatia,D,GK,Dominik Livakovi?,09-01-95,1,0,Croatia Dinamo Zagreb
28,Croatia,D,GK,Lovre Kalini?,03-04-90,10,0,Belgium Gent
26,Croatia,D,MF,Filip Bradari?,11-01-92,3,0,Croatia Rijeka
30,Croatia,D,MF,Ivan Rakiti?,10-03-88,90,14,Spain Barcelona
32,Croatia,D,MF,Luka Modri? (captain),09-09-85,104,12,Spain Real Madrid
25,Croatia,D,MF,Marcelo Brozovi?,16-11-92,33,6,Italy Internazionale
24,Croatia,D,MF,Mateo Kova?i?,06-05-94,39,1,Spain Real Madrid
29,Croatia,D,MF,Milan Badelj,25-02-89,36,1,Italy Fiorentina
31,Iceland,D,DF,Ari Freyr Skúlason,14-05-87,54,0,Belgium Lokeren
33,Iceland,D,DF,Birkir Már Sævarsson,11-11-84,78,1,Iceland Valur
27,Iceland,D,DF,Hólmar Örn Eyjólfsson,06-08-90,9,1,Bulgaria Levski Sofia
25,Iceland,D,DF,Hörður Björgvin Magnússon,11-02-93,15,2,England Bristol City
35,Iceland,D,DF,Kári Árnason,13-10-82,65,4,Scotland Aberdeen
31,Iceland,D,DF,Ragnar Sigurðsson,19-06-86,75,3,Russia Rostov
22,Iceland,D,DF,Samúel Friðjónsson,22-02-96,3,0,Norway Vålerenga
24,Iceland,D,DF,Sverrir Ingi Ingason,05-08-93,18,3,Russia Rostov
20,Iceland,D,FW,Albert Guðmundsson,15-06-97,4,3,Netherlands PSV Eindhoven
29,Iceland,D,FW,Alfreð Finnbogason,01-02-89,45,11,Germany FC Augsburg
27,Iceland,D,FW,Björn Bergmann Sigurðarson,26-02-91,10,1,Russia Rostov
26,Iceland,D,FW,Jón Daði Böðvarsson,25-05-92,36,2,England Reading
23,Iceland,D,GK,Frederik Schram,19-01-95,3,0,Denmark Roskilde
34,Iceland,D,GK,Hannes Þór Halldórsson,27-04-84,48,0,Denmark Randers
23,Iceland,D,GK,Rúnar Alex Rúnarsson,18-02-95,3,0,Denmark Nordsjælland
25,Iceland,D,MF,Arnór Ingvi Traustason,30-04-93,18,5,Sweden Malmö
29,Iceland,D,MF,Aron Gunnarsson (captain),22-04-89,77,2,Wales Cardiff City
30,Iceland,D,MF,Birkir Bjarnason,27-05-88,65,9,England Aston Villa
33,Iceland,D,MF,Emil Hallfreðsson,29-06-84,62,1,Italy Udinese
28,Iceland,D,MF,Gylfi Sigurðsson,08-09-89,55,18,England Everton
27,Iceland,D,MF,Jóhann Berg Guðmundsson,27-10-90,65,7,England Burnley
35,Iceland,D,MF,Ólafur Ingi Skúlason,01-04-83,35,1,Turkey Kardemir Karabükspor
30,Iceland,D,MF,Rúrik Gíslason,25-02-88,45,3,Germany SV Sandhausen
26,Nigeria,D,DF,Brian Idowu,18-05-92,3,1,Russia Amkar Perm
21,Nigeria,D,DF,Chidozie Awaziem,01-01-97,4,0,France Nantes
30,Nigeria,D,DF,Elderson Echiéjilé,20-01-88,60,3,Belgium Cercle Brugge
24,Nigeria,D,DF,Kenneth Omeruo,17-10-93,37,0,Turkey Kas?mpa?a
29,Nigeria,D,DF,Leon Balogun,28-06-88,16,0,Germany Mainz 05
25,Nigeria,D,DF,Shehu Abdullahi,12-03-93,22,0,Turkey Bursaspor
22,Nigeria,D,DF,Tyronne Ebuehi,16-12-95,4,0,Netherlands ADO Den Haag
24,Nigeria,D,DF,William Troost-Ekong,01-09-93,19,0,Turkey Bursaspor
25,Nigeria,D,FW,Ahmed Musa,14-10-92,69,13,Russia CSKA Moscow
21,Nigeria,D,FW,Kelechi Iheanacho,03-10-96,15,8,England Leicester City
28,Nigeria,D,FW,Odion Ighalo,16-06-89,17,4,China Changchun Yatai
26,Nigeria,D,FW,Simeon Nwankwo,07-05-92,0,0,Italy Crotone
31,Nigeria,D,GK,Daniel Akpeyi,03-08-86,7,0,South Africa Chippa United
19,Nigeria,D,GK,Francis Uzoho,28-10-98,3,0,Spain Deportivo Fabril
29,Nigeria,D,GK,Ikechukwu Ezenwa,16-10-88,24,0,Nigeria Enyimba
22,Nigeria,D,MF,Alex Iwobi,03-05-96,16,4,England Arsenal
27,Nigeria,D,MF,Joel Obi,22-05-91,15,0,Italy Torino
31,Nigeria,D,MF,John Obi Mikel (captain),22-04-87,83,6,China Tianjin TEDA
30,Nigeria,D,MF,John Ogu,20-04-88,18,2,Israel Hapoel Be'er Sheva
25,Nigeria,D,MF,Ogenyi Onazi,25-12-92,50,1,Turkey Trabzonspor
22,Nigeria,D,MF,Oghenekaro Etebo,09-11-95,12,1,Spain Las Palmas
27,Nigeria,D,MF,Victor Moses,12-12-90,32,11,England Chelsea
21,Nigeria,D,MF,Wilfred Ndidi,16-12-96,16,0,England Leicester City
26,Brazil,E,DF,Danilo,15-07-91,16,0,England Manchester City
29,Brazil,E,DF,Fagner,11-06-89,4,0,Brazil Corinthians
32,Brazil,E,DF,Filipe Luís,09-08-85,31,2,Spain Atlético Madrid
30,Brazil,E,DF,Marcelo,12-05-88,52,6,Spain Real Madrid
24,Brazil,E,DF,Marquinhos,14-05-94,24,0,France Paris Saint-Germain
33,Brazil,E,DF,Miranda,07-09-84,45,2,Italy Internazionale
32,Brazil,E,DF,Pedro Geromel,21-09-85,2,0,Brazil Grêmio
33,Brazil,E,DF,Thiago Silva,22-09-84,69,5,France Paris Saint-Germain
27,Brazil,E,FW,Douglas Costa,14-09-90,24,3,Italy Juventus
21,Brazil,E,FW,Gabriel Jesus,03-04-97,15,9,England Manchester City
26,Brazil,E,FW,Neymar,05-02-92,83,53,France Paris Saint-Germain
26,Brazil,E,FW,Roberto Firmino,02-10-91,19,5,England Liverpool
30,Brazil,E,FW,Taison,13-01-88,6,1,Ukraine Shakhtar Donetsk
25,Brazil,E,GK,Alisson,02-10-92,24,0,Italy Roma
31,Brazil,E,GK,Cássio,06-06-87,1,0,Brazil Corinthians
24,Brazil,E,GK,Ederson,17-08-93,1,0,England Manchester City
26,Brazil,E,MF,Casemiro,23-02-92,22,0,Spain Real Madrid
33,Brazil,E,MF,Fernandinho,04-05-85,42,2,England Manchester City
25,Brazil,E,MF,Fred,05-03-93,7,0,Ukraine Shakhtar Donetsk
29,Brazil,E,MF,Paulinho,25-07-88,48,12,Spain Barcelona
26,Brazil,E,MF,Philippe Coutinho,12-06-92,35,9,Spain Barcelona
30,Brazil,E,MF,Renato Augusto,08-02-88,28,5,China Beijing Sinobo Guoan
29,Brazil,E,MF,Willian,09-08-88,55,8,England Chelsea
28,Costa Rica,E,DF,Bryan Oviedo,18-02-90,41,1,England Sunderland
28,Costa Rica,E,DF,Cristian Gamboa,24-10-89,65,3,Scotland Celtic
25,Costa Rica,E,DF,Francisco Calvo,08-07-92,35,3,United States Minnesota United
30,Costa Rica,E,DF,Giancarlo González,08-02-88,67,2,Italy Bologna
20,Costa Rica,E,DF,Ian Smith,06-03-98,1,0,Sweden Norrköping
34,Costa Rica,E,DF,Johnny Acosta,21-07-83,67,2,Colombia Águilas Doradas
30,Costa Rica,E,DF,Kendall Waston,01-01-88,24,3,Canada Vancouver Whitecaps FC
29,Costa Rica,E,DF,Óscar Duarte,03-06-89,37,2,Spain Espanyol
23,Costa Rica,E,DF,Rónald Matarrita,09-07-94,21,2,United States New York City FC
32,Costa Rica,E,FW,Bryan Ruiz (captain),18-08-85,109,23,Portugal Sporting CP
25,Costa Rica,E,FW,Joel Campbell,26-06-92,76,14,Spain Real Betis
29,Costa Rica,E,FW,Johan Venegas,27-11-88,44,9,Costa Rica Saprissa
28,Costa Rica,E,FW,Marco Ureña,05-03-90,62,15,United States Los Angeles FC
31,Costa Rica,E,GK,Keylor Navas,15-12-86,78,0,Spain Real Madrid
28,Costa Rica,E,GK,Leonel Moreira,02-04-90,8,0,Costa Rica Herediano
36,Costa Rica,E,GK,Patrick Pemberton,24-05-82,39,0,Costa Rica Alajuelense
30,Costa Rica,E,MF,Celso Borges,27-05-88,110,21,Spain Deportivo La Coruña
34,Costa Rica,E,MF,Christian Bolaños,30-05-84,79,6,Costa Rica Saprissa
33,Costa Rica,E,MF,Daniel Colindres,28-05-85,10,0,Costa Rica Saprissa
28,Costa Rica,E,MF,David Guzmán,18-02-90,40,0,United States Portland Timbers
33,Costa Rica,E,MF,Randall Azofeifa,30-12-84,57,3,Costa Rica Herediano
29,Costa Rica,E,MF,Rodney Wallace,17-06-88,30,4,United States New York City FC
26,Costa Rica,E,MF,Yeltsin Tejeda,17-03-92,48,0,Switzerland Lausanne
32,Serbia,E,DF,Aleksandar Kolarov (captain),10-11-85,74,10,Italy Roma
34,Serbia,E,DF,Antonio Rukavina,26-01-84,45,0,Spain Villarreal
34,Serbia,E,DF,Branislav Ivanovi?,22-02-84,102,12,Russia Zenit Saint Petersburg
33,Serbia,E,DF,Duško Toši?,19-01-85,22,1,Turkey Be?ikta?
27,Serbia,E,DF,Milan Rodi?,02-04-91,0,0,Serbia Red Star Belgrade
22,Serbia,E,DF,Miloš Veljkovi?,26-09-95,2,0,Germany Werder Bremen
20,Serbia,E,DF,Nikola Milenkovi?,12-10-97,1,0,Italy Fiorentina
25,Serbia,E,DF,Uroš Spaji?,13-02-93,5,0,Belgium Anderlecht
23,Serbia,E,FW,Aleksandar Mitrovi?,16-09-94,35,13,England Fulham
28,Serbia,E,FW,Aleksandar Prijovi?,21-04-90,8,1,Greece PAOK
20,Serbia,E,FW,Luka Jovi?,23-12-97,0,0,Germany Eintracht Frankfurt
26,Serbia,E,GK,Marko Dmitrovi?,24-01-92,2,0,Spain Eibar
22,Serbia,E,GK,Predrag Rajkovi?,31-10-95,7,0,Israel Maccabi Tel Aviv
34,Serbia,E,GK,Vladimir Stojkovi?,28-07-83,79,0,Serbia Partizan
26,Serbia,E,MF,Adem Ljaji?,29-09-91,27,5,Italy Torino
21,Serbia,E,MF,Andrija Živkovi?,11-07-96,9,0,Portugal Benfica
29,Serbia,E,MF,Dušan Tadi?,20-11-88,51,13,England Southampton
25,Serbia,E,MF,Filip Kosti?,01-11-92,21,2,Germany Hamburger SV
27,Serbia,E,MF,Luka Milivojevi?,07-04-91,26,1,England Crystal Palace
22,Serbia,E,MF,Marko Gruji?,13-04-96,6,0,Wales Cardiff City
29,Serbia,E,MF,Nemanja Mati?,01-08-88,38,2,England Manchester United
22,Serbia,E,MF,Nemanja Radonji?,15-02-96,1,0,Serbia Red Star Belgrade
23,Serbia,E,MF,Sergej Milinkovi?-Savi?,27-02-95,2,0,Italy Lazio
26,Switzerland,E,DF,Fabian Schär,20-12-91,37,7,Spain Deportivo La Coruña
27,Switzerland,E,DF,François Moubandje,21-06-90,16,0,France Toulouse
31,Switzerland,E,DF,Johan Djourou,18-01-87,73,2,Turkey Antalyaspor
22,Switzerland,E,DF,Manuel Akanji,19-07-95,5,0,Germany Borussia Dortmund
27,Switzerland,E,DF,Michael Lang,08-02-91,23,2,Switzerland Basel
21,Switzerland,E,DF,Nico Elvedi,30-09-96,5,0,Germany Borussia Mönchengladbach
25,Switzerland,E,DF,Ricardo Rodríguez,25-08-92,51,3,Italy Milan
34,Switzerland,E,DF,Stephan Lichtsteiner (captain),16-01-84,98,8,Italy Juventus
21,Switzerland,E,FW,Breel Embolo,14-02-97,23,3,Germany Schalke 04
26,Switzerland,E,FW,Haris Seferovi?,22-02-92,49,11,Portugal Benfica
25,Switzerland,E,FW,Josip Drmi?,08-08-92,27,9,Germany Borussia Mönchengladbach
28,Switzerland,E,FW,Mario Gavranovi?,24-11-89,13,5,Croatia Dinamo Zagreb
27,Switzerland,E,GK,Roman Bürki,14-11-90,8,0,Germany Borussia Dortmund
29,Switzerland,E,GK,Yann Sommer,17-12-88,34,0,Germany Borussia Mönchengladbach
24,Switzerland,E,GK,Yvon Mvogo,06-06-94,0,0,Germany RB Leipzig
32,Switzerland,E,MF,Blerim Džemaili,12-04-86,63,9,Italy Bologna
21,Switzerland,E,MF,Denis Zakaria,20-11-96,9,0,Germany Borussia Mönchengladbach
31,Switzerland,E,MF,Gelson Fernandes,02-09-86,66,2,Germany Eintracht Frankfurt
25,Switzerland,E,MF,Granit Xhaka,27-09-92,61,9,England Arsenal
26,Switzerland,E,MF,Remo Freuler,15-04-92,9,0,Italy Atalanta
26,Switzerland,E,MF,Steven Zuber,17-08-91,10,3,Germany 1899 Hoffenheim
33,Switzerland,E,MF,Valon Behrami,19-04-85,77,2,Italy Udinese
26,Switzerland,E,MF,Xherdan Shaqiri,10-10-91,68,20,England Stoke City
25,Germany,F,DF,Antonio Rüdiger,03-03-93,23,1,England Chelsea
29,Germany,F,DF,Jérôme Boateng,03-09-88,70,1,Germany Bayern Munich
28,Germany,F,DF,Jonas Hector,27-05-90,36,3,Germany 1. FC Köln
23,Germany,F,DF,Joshua Kimmich,08-02-95,27,3,Germany Bayern Munich
26,Germany,F,DF,Marvin Plattenhardt,26-01-92,6,0,Germany Hertha BSC
29,Germany,F,DF,Mats Hummels,16-12-88,63,5,Germany Bayern Munich
24,Germany,F,DF,Matthias Ginter,19-01-94,17,0,Germany Borussia Mönchengladbach
22,Germany,F,DF,Niklas Süle,03-09-95,9,0,Germany Bayern Munich
32,Germany,F,FW,Mario Gómez,10-07-85,73,31,Germany VfB Stuttgart
28,Germany,F,FW,Thomas Müller,13-09-89,90,38,Germany Bayern Munich
22,Germany,F,FW,Timo Werner,06-03-96,12,7,Germany RB Leipzig
27,Germany,F,GK,Kevin Trapp,08-07-90,3,0,France Paris Saint-Germain
32,Germany,F,GK,Manuel Neuer (captain),27-03-86,74,0,Germany Bayern Munich
26,Germany,F,GK,Marc-André ter Stegen,30-04-92,19,0,Spain Barcelona
27,Germany,F,MF,?lkay Gündo?an,24-10-90,24,4,England Manchester City
22,Germany,F,MF,Julian Brandt,02-05-96,14,1,Germany Bayer Leverkusen
24,Germany,F,MF,Julian Draxler,20-09-93,42,6,France Paris Saint-Germain
23,Germany,F,MF,Leon Goretzka,06-02-95,14,6,Germany Schalke 04
29,Germany,F,MF,Marco Reus,31-05-89,29,9,Germany Borussia Dortmund
29,Germany,F,MF,Mesut Özil,15-10-88,89,22,England Arsenal
31,Germany,F,MF,Sami Khedira,04-04-87,73,7,Italy Juventus
28,Germany,F,MF,Sebastian Rudy,28-02-90,24,1,Germany Bayern Munich
28,Germany,F,MF,Toni Kroos,04-01-90,82,12,Spain Real Madrid
24,Mexico,F,DF,Carlos Salcedo,29-09-93,18,0,Germany Eintracht Frankfurt
25,Mexico,F,DF,Diego Reyes,19-09-92,55,1,Portugal Porto
20,Mexico,F,DF,Edson Álvarez,24-10-97,10,1,Mexico América
30,Mexico,F,DF,Héctor Moreno,17-01-88,91,3,Spain Real Sociedad
31,Mexico,F,DF,Hugo Ayala,31-03-87,40,1,Mexico UANL
23,Mexico,F,DF,Jesús Gallardo,14-08-94,20,0,Mexico UNAM
29,Mexico,F,DF,Miguel Layún,25-06-88,62,6,Spain Sevilla
29,Mexico,F,FW,Carlos Vela,01-03-89,67,18,United States Los Angeles FC
22,Mexico,F,FW,Hirving Lozano,30-07-95,26,7,Netherlands PSV Eindhoven
28,Mexico,F,FW,Javier Aquino,11-02-90,51,0,Mexico UANL
30,Mexico,F,FW,Javier Hernández,01-06-88,100,49,England West Ham United
25,Mexico,F,FW,Jesús Manuel Corona,06-01-93,33,7,Portugal Porto
34,Mexico,F,FW,Oribe Peralta,12-01-84,64,26,Mexico América
27,Mexico,F,FW,Raúl Jiménez,05-05-91,62,13,Portugal Benfica
35,Mexico,F,GK,Alfredo Talavera,18-09-82,27,0,Mexico Toluca
32,Mexico,F,GK,Guillermo Ochoa,13-07-85,92,0,Belgium Standard Liège
37,Mexico,F,GK,José de Jesús Corona,28-01-81,51,0,Mexico Cruz Azul
31,Mexico,F,MF,Andrés Guardado (captain),28-09-86,144,25,Spain Real Betis
29,Mexico,F,MF,Giovani dos Santos,11-05-89,102,18,United States LA Galaxy
28,Mexico,F,MF,Héctor Herrera,19-04-90,63,5,Portugal Porto
28,Mexico,F,MF,Jonathan dos Santos,26-04-90,29,0,United States LA Galaxy
28,Mexico,F,MF,Marco Fabián,21-07-89,36,9,Germany Eintracht Frankfurt
39,Mexico,F,MF,Rafael Márquez,13-02-79,143,18,Mexico Atlas
30,South Korea,F,DF,Go Yo-han,10-03-88,18,0,South Korea FC Seoul
27,South Korea,F,DF,Hong Chul,17-09-90,13,0,South Korea Sangju Sangmu
26,South Korea,F,DF,Jang Hyun-soo,28-09-91,49,3,Japan FC Tokyo
24,South Korea,F,DF,Jung Seung-hyun,03-04-94,4,0,Japan Sagan Tosu
28,South Korea,F,DF,Kim Min-woo,25-02-90,16,1,South Korea Sangju Sangmu
28,South Korea,F,DF,Kim Young-gwon,27-02-90,50,2,China Guangzhou Evergrande
31,South Korea,F,DF,Lee Yong,24-12-86,24,0,South Korea Jeonbuk Hyundai Motors
30,South Korea,F,DF,Oh Ban-suk,20-05-88,0,0,South Korea Jeju United
31,South Korea,F,DF,Park Joo-ho,16-01-87,34,0,South Korea Ulsan Hyundai
29,South Korea,F,DF,Yun Young-sun,04-10-88,4,0,South Korea Seongnam FC
22,South Korea,F,FW,Hwang Hee-chan,26-01-96,11,2,Austria Red Bull Salzburg
30,South Korea,F,FW,Kim Shin-wook,14-04-88,46,10,South Korea Jeonbuk Hyundai Motors
25,South Korea,F,FW,Son Heung-min,08-07-92,63,20,England Tottenham Hotspur
26,South Korea,F,GK,Cho Hyun-woo,25-09-91,4,0,South Korea Daegu FC
30,South Korea,F,GK,Kim Jin-hyeon,06-07-87,14,0,Japan Cerezo Osaka
27,South Korea,F,GK,Kim Seung-gyu,30-09-90,31,0,Japan Vissel Kobe
27,South Korea,F,MF,Ju Se-jong,30-10-90,8,1,South Korea Asan Mugunghwa
28,South Korea,F,MF,Jung Woo-young,14-12-89,26,1,Japan Vissel Kobe
29,South Korea,F,MF,Ki Sung-yueng (captain),24-01-89,99,10,Wales Swansea City
29,South Korea,F,MF,Koo Ja-cheol,27-02-89,65,19,Germany FC Augsburg
25,South Korea,F,MF,Lee Jae-sung,10-08-92,32,5,South Korea Jeonbuk Hyundai Motors
20,South Korea,F,MF,Lee Seung-woo,06-01-98,0,0,Italy Hellas Verona
26,South Korea,F,MF,Moon Seon-min,09-06-92,0,0,South Korea Incheon United
33,Sweden,F,DF,Andreas Granqvist (captain),16-04-85,70,6,Russia Krasnodar
23,Sweden,F,DF,Emil Krafth,02-08-94,11,0,Italy Bologna
25,Sweden,F,DF,Filip Helander,22-04-93,4,0,Italy Bologna
24,Sweden,F,DF,Ludwig Augustinsson,21-04-94,14,0,Germany Werder Bremen
30,Sweden,F,DF,Martin Olsson,17-05-88,42,5,Wales Swansea City
31,Sweden,F,DF,Mikael Lustig,13-12-86,64,6,Scotland Celtic
27,Sweden,F,DF,Pontus Jansson,13-02-91,14,0,England Leeds United
23,Sweden,F,DF,Victor Lindelöf,17-07-94,19,1,England Manchester United
25,Sweden,F,FW,Isaac Kiese Thelin,24-06-92,18,2,Belgium Waasland-Beveren
26,Sweden,F,FW,John Guidetti,15-04-92,20,1,Spain Alavés
31,Sweden,F,FW,Marcus Berg,17-08-86,55,18,United Arab Emirates Al Ain
31,Sweden,F,FW,Ola Toivonen,03-07-86,57,13,France Toulouse
28,Sweden,F,GK,Karl-Johan Johnsson,28-01-90,5,0,France Guingamp
28,Sweden,F,GK,Kristoffer Nordfeldt,23-06-89,8,0,Wales Swansea City
28,Sweden,F,GK,Robin Olsen,08-01-90,16,0,Denmark Copenhagen
28,Sweden,F,MF,Albin Ekdal,28-07-89,32,0,Germany Hamburger SV
26,Sweden,F,MF,Emil Forsberg,23-10-91,34,6,Germany RB Leipzig
31,Sweden,F,MF,Gustav Svensson,07-02-87,11,0,United States Seattle Sounders FC
29,Sweden,F,MF,Jimmy Durmaz,22-03-89,44,3,France Toulouse
27,Sweden,F,MF,Marcus Rohdén,11-05-91,10,1,Italy Crotone
25,Sweden,F,MF,Oscar Hiljemark,28-06-92,20,2,Italy Genoa
33,Sweden,F,MF,Sebastian Larsson,06-06-85,98,6,England Hull City
26,Sweden,F,MF,Viktor Claesson,02-01-92,21,3,Russia Krasnodar
27,Belgium,G,DF,Dedryck Boyata,28-11-90,4,0,Scotland Celtic
31,Belgium,G,DF,Jan Vertonghen,24-04-87,99,8,England Tottenham Hotspur
26,Belgium,G,DF,Thomas Meunier,12-09-91,22,5,France Paris Saint-Germain
32,Belgium,G,DF,Thomas Vermaelen,14-11-85,64,1,Spain Barcelona
29,Belgium,G,DF,Toby Alderweireld,02-03-89,71,3,England Tottenham Hotspur
32,Belgium,G,DF,Vincent Kompany,10-04-86,73,4,England Manchester City
31,Belgium,G,FW,Dries Mertens,06-05-87,64,13,Italy Napoli
24,Belgium,G,FW,Michy Batshuayi,02-10-93,13,5,Germany Borussia Dortmund
25,Belgium,G,FW,Romelu Lukaku,13-05-93,63,30,England Manchester United
25,Belgium,G,GK,Koen Casteels,25-06-92,0,0,Germany VfL Wolfsburg
30,Belgium,G,GK,Simon Mignolet,06-03-88,21,0,England Liverpool
26,Belgium,G,GK,Thibaut Courtois,11-05-92,55,0,England Chelsea
23,Belgium,G,MF,Adnan Januzaj,05-02-95,6,0,Spain Real Sociedad
29,Belgium,G,MF,Axel Witsel,12-01-89,85,9,China Tianjin Quanjian
27,Belgium,G,MF,Eden Hazard (captain),07-01-91,81,21,England Chelsea
26,Belgium,G,MF,Kevin De Bruyne,28-06-91,56,13,England Manchester City
23,Belgium,G,MF,Leander Dendoncker,15-04-95,4,0,Belgium Anderlecht
30,Belgium,G,MF,Marouane Fellaini,22-11-87,78,16,England Manchester United
30,Belgium,G,MF,Mousa Dembélé,16-07-87,73,5,England Tottenham Hotspur
28,Belgium,G,MF,Nacer Chadli,02-08-89,40,4,England West Bromwich Albion
25,Belgium,G,MF,Thorgan Hazard,29-03-93,7,1,Germany Borussia Mönchengladbach
24,Belgium,G,MF,Yannick Carrasco,04-09-93,22,5,China Dalian Yifang
21,Belgium,G,MF,Youri Tielemans,07-05-97,7,0,France Monaco
32,England,G,DF,Ashley Young,09-07-85,33,7,England Manchester United
27,England,G,DF,Danny Rose,02-07-90,16,0,England Tottenham Hotspur
28,England,G,DF,Fabian Delph,21-11-89,9,0,England Manchester City
32,England,G,DF,Gary Cahill,19-12-85,58,4,England Chelsea
25,England,G,DF,Harry Maguire,05-03-93,4,0,England Leicester City
24,England,G,DF,John Stones,28-05-94,24,0,England Manchester City
27,England,G,DF,Kieran Trippier,19-09-90,5,0,England Tottenham Hotspur
28,England,G,DF,Kyle Walker,28-05-90,34,0,England Manchester City
26,England,G,DF,Phil Jones,21-02-92,24,0,England Manchester United
19,England,G,DF,Trent Alexander-Arnold,07-10-98,0,0,England Liverpool
27,England,G,FW,Danny Welbeck,26-11-90,37,15,England Arsenal
24,England,G,FW,Harry Kane (captain),28-07-93,24,13,England Tottenham Hotspur
31,England,G,FW,Jamie Vardy,11-01-87,21,7,England Leicester City
20,England,G,FW,Marcus Rashford,31-10-97,17,2,England Manchester United
23,England,G,FW,Raheem Sterling,08-12-94,37,2,England Manchester City
25,England,G,GK,Jack Butland,10-03-93,7,0,England Stoke City
24,England,G,GK,Jordan Pickford,07-03-94,2,0,England Everton
26,England,G,GK,Nick Pope,19-04-92,0,0,England Burnley
22,England,G,MF,Dele Alli,11-04-96,23,2,England Tottenham Hotspur
24,England,G,MF,Eric Dier,15-01-94,25,3,England Tottenham Hotspur
25,England,G,MF,Jesse Lingard,15-12-92,10,1,England Manchester United
27,England,G,MF,Jordan Henderson,17-06-90,38,0,England Liverpool
22,England,G,MF,Ruben Loftus-Cheek,23-01-96,2,0,England Crystal Palace
33,Panama,G,DF,Adolfo Machado,14-02-85,74,1,United States Houston Dynamo
27,Panama,G,DF,Erick Davis,31-03-91,37,0,Slovakia Dunajská Streda
37,Panama,G,DF,Felipe Baloy (captain),24-02-81,101,3,Guatemala Municipal
23,Panama,G,DF,Fidel Escobar,09-01-95,21,1,United States New York Red Bulls
26,Panama,G,DF,Harold Cummings,01-03-92,51,0,United States San Jose Earthquakes
29,Panama,G,DF,Luis Ovalle,07-09-88,24,0,Honduras Olimpia
22,Panama,G,DF,Michael Amir Murillo,15-02-96,21,2,United States New York Red Bulls
32,Panama,G,DF,Román Torres,20-03-86,109,10,United States Seattle Sounders FC
24,Panama,G,FW,Abdiel Arroyo,13-12-93,33,5,Costa Rica Alajuelense
37,Panama,G,FW,Blas Pérez,13-03-81,116,43,Guatemala Municipal
29,Panama,G,FW,Gabriel Torres,31-10-88,71,14,Chile Huachipato
21,Panama,G,FW,Ismael Díaz,12-05-97,10,2,Spain Deportivo Fabril
36,Panama,G,FW,Luis Tejada,28-03-82,104,43,Peru Sport Boys
27,Panama,G,GK,Álex Rodríguez,05-08-90,6,0,Panama San Francisco
36,Panama,G,GK,Jaime Penedo,26-09-81,130,0,Romania Dinamo Bucure?ti
32,Panama,G,GK,José Calderón,14-08-85,30,0,Panama Chorrillo
30,Panama,G,MF,Alberto Quintero,18-12-87,89,5,Peru Universitario
28,Panama,G,MF,Aníbal Godoy,10-02-90,87,2,United States San Jose Earthquakes
30,Panama,G,MF,Armando Cooper,26-11-87,96,7,Chile Universidad de Chile
24,Panama,G,MF,Édgar Bárcenas,23-10-93,27,0,Mexico Tapachula
34,Panama,G,MF,Gabriel Gómez,29-05-84,142,12,Colombia Atlético Bucaramanga
19,Panama,G,MF,José Luis Rodríguez,19-06-98,0,0,Belgium Gent
27,Panama,G,MF,Valentín Pimentel,30-05-91,21,1,Panama Plaza Amador
28,Tunisia,G,DF,Ali Maâloul,01-01-90,43,0,Egypt Al Ahly
22,Tunisia,G,DF,Dylan Bronn,19-06-95,3,0,Belgium Gent
25,Tunisia,G,DF,Hamdi Nagguez,28-10-92,13,0,Egypt Zamalek
26,Tunisia,G,DF,Oussama Haddadi,28-01-92,6,0,France Dijon
28,Tunisia,G,DF,Rami Bedoui,19-01-90,8,0,Tunisia Étoile du Sahel
29,Tunisia,G,DF,Syam Ben Youssef,31-03-89,40,1,Turkey Kas?mpa?a
24,Tunisia,G,DF,Yassine Meriah,02-07-93,13,1,Tunisia CS Sfaxien
31,Tunisia,G,DF,Yohan Benalouane,28-03-87,2,0,England Leicester City
27,Tunisia,G,FW,Anice Badri,18-08-90,4,0,Tunisia Espérance
20,Tunisia,G,FW,Bassem Srarfi,25-06-97,2,0,France Nice
26,Tunisia,G,FW,Fakhreddine Ben Youssef,21-06-91,31,4,Saudi Arabia Al-Ettifaq
31,Tunisia,G,FW,Saber Khalifa,14-10-86,41,7,Tunisia Club Africain
27,Tunisia,G,FW,Wahbi Khazri,08-02-91,35,12,France Rennes
33,Tunisia,G,GK,Aymen Mathlouthi (captain),14-09-84,69,0,Saudi Arabia Al-Batin
28,Tunisia,G,GK,Farouk Ben Mustapha,01-07-89,15,0,Saudi Arabia Al-Shabab
23,Tunisia,G,GK,Mouez Hassen,05-03-95,1,0,France Châteauroux
23,Tunisia,G,MF,Ahmed Khalil,21-12-94,3,0,Tunisia Club Africain
23,Tunisia,G,MF,Ellyes Skhiri,10-05-95,2,0,France Montpellier
26,Tunisia,G,MF,Ferjani Sassi,18-03-92,36,2,Saudi Arabia Al-Nassr
24,Tunisia,G,MF,Ghailene Chaalali,28-02-94,4,1,Tunisia Espérance
26,Tunisia,G,MF,Mohamed Amine Ben Amor,01-01-92,24,1,Saudi Arabia Al-Ahli
25,Tunisia,G,MF,Naïm Sliti,27-07-92,14,3,France Dijon
23,Tunisia,G,MF,Saîf-Eddine Khaoui,27-04-95,2,0,France Troyes
31,Colombia,H,DF,Cristián Zapata,30-09-86,55,2,Italy Milan
22,Colombia,H,DF,Dávinson Sánchez,12-05-96,8,0,England Tottenham Hotspur
27,Colombia,H,DF,Frank Fabra,22-02-91,18,1,Argentina Boca Juniors
26,Colombia,H,DF,Johan Mojica,21-08-91,3,1,Spain Girona
30,Colombia,H,DF,Óscar Murillo,18-04-88,12,0,Mexico Pachuca
26,Colombia,H,DF,Santiago Arias,13-01-92,40,0,Netherlands PSV Eindhoven
23,Colombia,H,DF,Yerry Mina,23-09-94,11,3,Spain Barcelona
31,Colombia,H,FW,Carlos Bacca,08-09-86,44,14,Spain Villarreal
27,Colombia,H,FW,Luis Muriel,16-04-91,18,2,Spain Sevilla
25,Colombia,H,FW,Miguel Borja,26-01-93,6,2,Brazil Palmeiras
32,Colombia,H,FW,Radamel Falcao (captain),10-02-86,72,29,France Monaco
29,Colombia,H,GK,Camilo Vargas,09-03-89,5,0,Colombia Deportivo Cali
29,Colombia,H,GK,David Ospina,31-08-88,85,0,England Arsenal
33,Colombia,H,GK,José Fernando Cuadrado,01-06-85,1,0,Colombia Once Caldas
33,Colombia,H,MF,Abel Aguilar,06-01-85,70,7,Colombia Deportivo Cali
32,Colombia,H,MF,Carlos Sánchez,06-02-86,84,0,Spain Espanyol
26,Colombia,H,MF,James Rodríguez,12-07-91,62,21,Germany Bayern Munich
23,Colombia,H,MF,Jefferson Lerma,25-10-94,4,0,Spain Levante
25,Colombia,H,MF,José Izquierdo,07-07-92,4,1,England Brighton & Hove Albion
30,Colombia,H,MF,Juan Cuadrado,26-05-88,69,7,Italy Juventus
25,Colombia,H,MF,Juan Fernando Quintero,18-01-93,14,2,Argentina River Plate
27,Colombia,H,MF,Mateus Uribe,21-03-91,7,0,Mexico América
24,Colombia,H,MF,Wílmar Barrios,16-10-93,10,0,Argentina Boca Juniors
25,Japan,H,DF,Gen Shoji,11-12-92,10,1,Japan Kashima Antlers
27,Japan,H,DF,G?toku Sakai,14-03-91,38,0,Germany Hamburger SV
28,Japan,H,DF,Hiroki Sakai,12-04-90,41,0,France Marseille
29,Japan,H,DF,Maya Yoshida,24-08-88,80,10,England Southampton
23,Japan,H,DF,Naomichi Ueda,24-10-94,3,0,Japan Kashima Antlers
31,Japan,H,DF,Tomoaki Makino,11-05-87,30,4,Japan Urawa Red Diamonds
25,Japan,H,DF,Wataru Endo,09-02-93,11,0,Japan Urawa Red Diamonds
31,Japan,H,DF,Yuto Nagatomo,12-09-86,103,3,Turkey Galatasaray
32,Japan,H,FW,Shinji Okazaki,16-04-86,111,50,England Leicester City
25,Japan,H,FW,Yoshinori Mut?,15-07-92,21,2,Germany Mainz 05
28,Japan,H,FW,Yuya Osako,18-05-90,26,7,Germany 1. FC Köln
35,Japan,H,GK,Eiji Kawashima,20-03-83,82,0,France Metz
23,Japan,H,GK,Kosuke Nakamura,27-02-95,3,0,Japan Kashiwa Reysol
32,Japan,H,GK,Masaaki Higashiguchi,12-05-86,4,0,Japan Gamba Osaka
26,Japan,H,MF,Gaku Shibasaki,28-05-92,15,3,Spain Getafe
27,Japan,H,MF,Genki Haraguchi,09-05-91,30,6,Germany Fortuna Düsseldorf
27,Japan,H,MF,Hotaru Yamaguchi,06-10-90,40,2,Japan Cerezo Osaka
32,Japan,H,MF,Keisuke Honda,13-06-86,93,36,Mexico Pachuca
34,Japan,H,MF,Makoto Hasebe (captain),18-01-84,108,2,Germany Eintracht Frankfurt
25,Japan,H,MF,Ryota Oshima,23-01-93,3,0,Japan Kawasaki Frontale
29,Japan,H,MF,Shinji Kagawa,17-03-89,89,29,Germany Borussia Dortmund
30,Japan,H,MF,Takashi Inui,02-06-88,25,2,Spain Eibar
26,Japan,H,MF,Takashi Usami,06-05-92,21,3,Germany Fortuna Düsseldorf
30,Poland,H,DF,Artur J?drzejczyk,04-11-87,35,3,Poland Legia Warsaw
25,Poland,H,DF,Bartosz Bereszy?ski,12-07-92,6,0,Italy Sampdoria
22,Poland,H,DF,Jan Bednarek,12-04-96,1,0,England Southampton
30,Poland,H,DF,Kamil Glik,03-02-88,57,4,France Monaco
33,Poland,H,DF,?ukasz Piszczek,03-06-85,61,3,Germany Borussia Dortmund
30,Poland,H,DF,Micha? Pazdan,21-09-87,31,0,Poland Legia Warsaw
32,Poland,H,DF,Thiago Cionek,21-04-86,17,0,Italy SPAL
24,Poland,H,FW,Arkadiusz Milik,28-02-94,38,12,Italy Napoli
21,Poland,H,FW,Dawid Kownacki,14-03-97,1,0,Italy Sampdoria
27,Poland,H,FW,?ukasz Teodorczyk,03-06-91,15,4,Belgium Anderlecht
29,Poland,H,FW,Robert Lewandowski (captain),21-08-88,93,52,Germany Bayern Munich
23,Poland,H,GK,Bartosz Bia?kowski,01-10-94,1,0,England Ipswich Town
24,Poland,H,GK,?ukasz Fabia?ski,29-07-93,43,0,Wales Swansea City
34,Poland,H,GK,Wojciech Szcz?sny,01-01-84,33,0,Italy Juventus
28,Poland,H,MF,Grzegorz Krychowiak,29-01-90,49,2,England West Bromwich Albion
25,Poland,H,MF,Jacek Góralski,21-09-92,3,0,Bulgaria Ludogorets Razgrad
32,Poland,H,MF,Jakub B?aszczykowski,14-12-85,97,19,Germany VfL Wolfsburg
30,Poland,H,MF,Kamil Grosicki,08-06-88,56,12,England Hull City
23,Poland,H,MF,Karol Linetty,02-02-95,19,1,Italy Sampdoria
28,Poland,H,MF,Maciej Rybus,19-08-89,49,2,Russia Lokomotiv Moscow
24,Poland,H,MF,Piotr Zieli?ski,20-05-94,31,4,Italy Napoli
25,Poland,H,MF,Rafa? Kurzawa,29-01-93,3,0,Poland Górnik Zabrze
33,Poland,H,MF,S?awomir Peszko,19-02-85,43,2,Poland Lechia Gda?sk
26,Senegal,H,DF,Kalidou Koulibaly,20-06-91,23,0,Italy Napoli
28,Senegal,H,DF,Kara Mbodji,11-11-89,51,5,Belgium Anderlecht
28,Senegal,H,DF,Lamine Gassama,20-10-89,34,0,Turkey Alanyaspor
19,Senegal,H,DF,Moussa Wagué,04-10-98,8,0,Belgium Eupen
27,Senegal,H,DF,Salif Sané,25-08-90,19,0,Germany Hannover 96
28,Senegal,H,DF,Saliou Ciss,15-09-89,17,0,France Valenciennes
25,Senegal,H,DF,Youssouf Sabaly,05-03-93,3,0,France Bordeaux
28,Senegal,H,FW,Diafra Sakho,24-12-89,9,3,France Rennes
20,Senegal,H,FW,Ismaïla Sarr,25-02-98,13,2,France Rennes
23,Senegal,H,FW,Keita Baldé,08-03-95,16,3,France Monaco
30,Senegal,H,FW,Mame Biram Diouf,16-12-87,46,10,England Stoke City
23,Senegal,H,FW,M'Baye Niang,19-12-94,4,0,Italy Torino
25,Senegal,H,FW,Moussa Konaté,03-04-93,26,9,France Amiens
32,Senegal,H,FW,Moussa Sow,19-01-86,50,18,Turkey Bursaspor
26,Senegal,H,FW,Sadio Mané,10-04-92,51,14,England Liverpool
26,Senegal,H,GK,Abdoulaye Diallo,30-03-92,16,0,France Rennes
34,Senegal,H,GK,Alfred Gomis,31-05-84,1,0,Italy SPAL
33,Senegal,H,GK,Khadim N'Diaye,05-04-85,25,0,Guinea Horoya
28,Senegal,H,MF,Alfred N'Diaye,06-03-90,18,0,England Wolverhampton Wanderers
27,Senegal,H,MF,Badou Ndiaye,27-10-90,17,1,England Stoke City
32,Senegal,H,MF,Cheikh N'Doye,29-03-86,23,3,England Birmingham City
28,Senegal,H,MF,Cheikhou Kouyaté (captain),21-12-89,46,2,England West Ham United
28,Senegal,H,MF,Idrissa Gueye,26-09-89,58,1,England Everton
30,Egypt,A,DF,Ahmed Elmohamady,09-09-87,76,2,England Aston Villa
33,Egypt,A,DF,Ahmed Fathy,10-11-84,124,3,Egypt Al Ahly
27,Egypt,A,DF,Ahmed Hegazi,25-01-91,43,1,England West Bromwich Albion
24,Egypt,A,DF,Ali Gabr,28-07-93,20,1,England West Bromwich Albion
27,Egypt,A,DF,Ayman Ashraf,09-04-91,4,0,Egypt Al Ahly
23,Egypt,A,DF,Mahmoud Hamdy,01-06-95,0,0,Egypt Zamalek
32,Egypt,A,DF,Mohamed Abdel-Shafy,01-07-85,49,1,Saudi Arabia Al Fateh
26,Egypt,A,DF,Omar Gaber,30-01-92,23,0,United States Los Angeles FC
29,Egypt,A,DF,Saad Samir,01-04-89,10,0,Egypt Al Ahly
29,Egypt,A,FW,Marwan Mohsen,26-02-89,22,4,Egypt Al Ahly
25,Egypt,A,FW,Mohamed Salah,15-06-92,57,33,England Liverpool
45,Egypt,A,GK,Essam El-Hadary (captain),15-01-73,156,0,Saudi Arabia Al Taawoun
29,Egypt,A,GK,Mohamed El-Shenawy,18-12-88,1,0,Egypt Al Ahly
34,Egypt,A,GK,Sherif Ekramy,01-07-83,22,0,Egypt Al Ahly
32,Egypt,A,MF,Abdallah Said,13-07-85,34,6,Finland KuPS
24,Egypt,A,MF,Amr Warda,13-09-93,14,0,Greece Atromitos
24,Egypt,A,MF,Kahraba,13-04-94,17,3,Saudi Arabia Al Ittihad
25,Egypt,A,MF,Mohamed Elneny,11-07-92,60,5,England Arsenal
21,Egypt,A,MF,Ramadan Sobhi,23-01-97,21,1,England Stoke City
26,Egypt,A,MF,Sam Morsy,10-09-91,3,0,England Wigan Athletic
32,Egypt,A,MF,Shikabala,05-03-86,28,2,Saudi Arabia Al Raed
29,Egypt,A,MF,Tarek Hamed,24-10-88,19,0,Egypt Zamalek
23,Egypt,A,MF,Trézéguet,01-10-94,23,2,Turkey Kas?mpa?a
29,Russia,A,DF,Andrei Semyonov,24-03-89,6,0,Russia Akhmat Grozny
31,Russia,A,DF,Fyodor Kudryashov,05-04-87,17,0,Russia Rubin Kazan
29,Russia,A,DF,Igor Smolnikov,08-08-88,25,0,Russia Zenit Saint Petersburg
24,Russia,A,DF,Ilya Kutepov,29-07-93,6,0,Russia Spartak Moscow
27,Russia,A,DF,Mário Fernandes,19-09-90,3,0,Russia CSKA Moscow
38,Russia,A,DF,Sergei Ignashevich,14-07-79,120,8,Russia CSKA Moscow
31,Russia,A,DF,Vladimir Granat,22-05-87,11,1,Russia Rubin Kazan
22,Russia,A,FW,Aleksei Miranchuk,17-10-95,16,4,Russia Lokomotiv Moscow
29,Russia,A,FW,Artem Dzyuba,22-08-88,22,11,Russia Arsenal Tula
28,Russia,A,FW,Fyodor Smolov,05-02-90,30,12,Russia Krasnodar
26,Russia,A,GK,Andrey Lunyov,13-11-91,3,0,Russia Zenit Saint Petersburg
32,Russia,A,GK,Igor Akinfeev (captain),08-04-86,104,0,Russia CSKA Moscow
34,Russia,A,GK,Vladimir Gabulov,19-10-83,10,0,Belgium Club Brugge
27,Russia,A,MF,Alan Dzagoev,17-06-90,55,9,Russia CSKA Moscow
22,Russia,A,MF,Aleksandr Golovin,30-05-96,17,2,Russia CSKA Moscow
33,Russia,A,MF,Aleksandr Samedov,19-07-84,46,6,Russia Spartak Moscow
28,Russia,A,MF,Aleksandr Yerokhin,13-10-89,17,0,Russia Zenit Saint Petersburg
22,Russia,A,MF,Anton Miranchuk,17-10-95,4,0,Russia Lokomotiv Moscow
25,Russia,A,MF,Daler Kuzyayev,15-01-93,4,0,Russia Zenit Saint Petersburg
27,Russia,A,MF,Denis Cheryshev,26-12-90,10,0,Spain Villarreal
24,Russia,A,MF,Roman Zobnin,11-02-94,10,0,Russia Spartak Moscow
34,Russia,A,MF,Yuri Zhirkov,20-08-83,82,2,Russia Zenit Saint Petersburg
28,Russia,A,MF,Yury Gazinsky,20-07-89,5,0,Russia Krasnodar
28,Saudi Arabia,A,DF,Ali Al Bulaihi,21-11-89,1,0,Saudi Arabia Al-Hilal
30,Saudi Arabia,A,DF,Mansoor Al-Harbi,19-10-87,37,1,Saudi Arabia Al-Ahli
25,Saudi Arabia,A,DF,Mohammed Al-Breik,15-09-92,9,1,Saudi Arabia Al-Hilal
26,Saudi Arabia,A,DF,Motaz Hawsawi,17-02-92,15,0,Saudi Arabia Al-Ahli
32,Saudi Arabia,A,DF,Omar Hawsawi,27-09-85,40,3,Saudi Arabia Al-Nassr
34,Saudi Arabia,A,DF,Osama Hawsawi (captain),31-03-84,133,7,Saudi Arabia Al-Hilal
26,Saudi Arabia,A,DF,Yasser Al-Shahrani,25-05-92,34,0,Saudi Arabia Al-Hilal
23,Saudi Arabia,A,FW,Fahad Al-Muwallad,14-09-94,42,10,Spain Levante
31,Saudi Arabia,A,FW,Mohammad Al-Sahlawi,10-01-87,38,28,Saudi Arabia Al-Nassr
31,Saudi Arabia,A,FW,Muhannad Assiri,14-10-86,17,4,Saudi Arabia Al-Ahli
31,Saudi Arabia,A,GK,Abdullah Al-Mayouf,23-01-87,9,0,Saudi Arabia Al-Hilal
26,Saudi Arabia,A,GK,Mohammed Al-Owais,10-10-91,5,0,Saudi Arabia Al-Ahli
34,Saudi Arabia,A,GK,Yasser Al Mosailem,27-02-84,32,0,Saudi Arabia Al-Ahli
21,Saudi Arabia,A,MF,Abdullah Al-Khaibari,16-08-96,3,0,Saudi Arabia Al-Shabab
25,Saudi Arabia,A,MF,Abdullah Otayf,03-08-92,14,1,Saudi Arabia Al-Hilal
32,Saudi Arabia,A,MF,Abdulmalek Al-Khaibri,13-03-86,35,0,Saudi Arabia Al-Hilal
25,Saudi Arabia,A,MF,Hattan Bahebri,16-07-92,3,0,Saudi Arabia Al-Shabab
30,Saudi Arabia,A,MF,Housain Al-Mogahwi,28-01-88,15,1,Saudi Arabia Al-Ahli
23,Saudi Arabia,A,MF,Mohamed Kanno,22-09-94,5,1,Saudi Arabia Al-Hilal
26,Saudi Arabia,A,MF,Salem Al-Dawsari,19-08-91,30,4,Spain Villarreal
28,Saudi Arabia,A,MF,Salman Al-Faraj,01-08-89,40,3,Saudi Arabia Al-Hilal
33,Saudi Arabia,A,MF,Taisir Al-Jassim,25-07-84,129,18,Saudi Arabia Al-Ahli
27,Saudi Arabia,A,MF,Yahya Al-Shehri,26-06-90,55,7,Spain Leganés
32,Uruguay,A,DF,Diego Godín (captain),16-02-86,115,8,Spain Atlético Madrid
24,Uruguay,A,DF,Gastón Silva,05-03-94,17,0,Argentina Independiente
25,Uruguay,A,DF,Guillermo Varela,24-03-93,3,0,Uruguay Peñarol
23,Uruguay,A,DF,José Giménez,20-01-95,41,4,Spain Atlético Madrid
31,Uruguay,A,DF,Martín Cáceres,07-04-87,75,4,Italy Lazio
34,Uruguay,A,DF,Maxi Pereira,08-06-84,124,3,Portugal Porto
27,Uruguay,A,DF,Sebastián Coates,07-10-90,30,1,Portugal Sporting CP
31,Uruguay,A,FW,Cristhian Stuani,10-12-86,40,5,Spain Girona
31,Uruguay,A,FW,Edinson Cavani,14-02-87,100,42,France Paris Saint-Germain
31,Uruguay,A,FW,Luis Suárez,24-01-87,97,50,Spain Barcelona
21,Uruguay,A,FW,Maxi Gómez,14-08-96,4,0,Spain Celta Vigo
31,Uruguay,A,GK,Fernando Muslera,16-06-86,96,0,Turkey Galatasaray
29,Uruguay,A,GK,Martín Campaña,29-05-89,1,0,Argentina Independiente
35,Uruguay,A,GK,Martín Silva,23-03-83,11,0,Brazil Vasco da Gama
33,Uruguay,A,MF,Carlos Sánchez,02-12-84,35,1,Mexico Monterrey
32,Uruguay,A,MF,Cristian Rodríguez,30-09-85,104,11,Uruguay Peñarol
25,Uruguay,A,MF,Diego Laxalt,07-02-93,5,0,Italy Genoa
24,Uruguay,A,MF,Giorgian De Arrascaeta,01-05-94,13,1,Brazil Cruzeiro
28,Uruguay,A,MF,Jonathan Urretaviscaya,19-03-90,4,0,Mexico Monterrey
22,Uruguay,A,MF,Lucas Torreira,11-02-96,2,0,Italy Sampdoria
26,Uruguay,A,MF,Matías Vecino,24-08-91,21,1,Italy Internazionale
22,Uruguay,A,MF,Nahitan Nández,28-12-95,11,0,Argentina Boca Juniors
21,Uruguay,A,MF,Rodrigo Bentancur,05-06-97,6,0,Italy Juventus
21,Iran,B,DF,Majid Hosseini,20-06-96,0,0,Iran Esteghlal
24,Iran,B,DF,Milad Mohammadi,29-09-93,16,0,Russia Akhmat Grozny
27,Iran,B,DF,Mohammad Reza Khanzadeh,11-05-91,10,1,Iran Padideh
26,Iran,B,DF,Morteza Pouraliganji,19-04-92,25,2,Qatar Al-Sadd
34,Iran,B,DF,Pejman Montazeri,06-09-83,45,1,Iran Esteghlal
28,Iran,B,DF,Ramin Rezaeian,21-03-90,26,2,Belgium Oostende
24,Iran,B,DF,Rouzbeh Cheshmi,24-07-93,7,0,Iran Esteghlal
24,Iran,B,FW,Alireza Jahanbakhsh,11-08-93,36,4,Netherlands AZ
28,Iran,B,FW,Karim Ansarifard,03-04-90,61,16,Greece Olympiacos
25,Iran,B,FW,Mehdi Taremi,18-07-92,23,11,Qatar Al-Gharafa
30,Iran,B,FW,Reza Ghoochannejhad,20-09-87,40,17,Netherlands Heerenveen
23,Iran,B,FW,Sardar Azmoun,01-01-95,31,23,Russia Rubin Kazan
25,Iran,B,GK,Alireza Beiranvand,21-09-92,20,0,Iran Persepolis
25,Iran,B,GK,Amir Abedzadeh,26-04-93,0,0,Portugal Marítimo
29,Iran,B,GK,Mohammad Rashid Mazaheri,18-05-89,3,0,Iran Zob Ahan Esfahan
32,Iran,B,MF,Ashkan Dejagah,05-06-86,44,8,England Nottingham Forest
28,Iran,B,MF,Ehsan Hajsafi,25-02-90,91,6,Greece Olympiacos
34,Iran,B,MF,Masoud Shojaei (captain),09-06-84,72,8,Greece AEK Athens
23,Iran,B,MF,Mehdi Torabi,10-09-94,14,4,Iran Saipa
30,Iran,B,MF,Omid Ebrahimi,16-09-87,28,0,Iran Esteghlal
21,Iran,B,MF,Saeid Ezatolahi,01-10-96,24,1,Russia Amkar Perm
24,Iran,B,MF,Saman Ghoddos,06-09-93,6,1,Sweden Östersund
30,Iran,B,MF,Vahid Amiri,02-04-88,33,1,Iran Persepolis
19,Morocco,B,DF,Achraf Hakimi,04-11-98,7,1,Spain Real Madrid
20,Morocco,B,DF,Hamza Mendyl,21-10-97,11,0,France Lille
32,Morocco,B,DF,Manuel da Costa,06-05-86,25,1,Turkey ?stanbul Ba?ak?ehir
31,Morocco,B,DF,Medhi Benatia (captain),17-04-87,54,2,Italy Juventus
32,Morocco,B,DF,Nabil Dirar,25-02-86,34,3,Turkey Fenerbahçe
28,Morocco,B,DF,Romain Saïss,26-03-90,21,1,England Wolverhampton Wanderers
24,Morocco,B,FW,Ayoub El Kaabi,26-06-93,8,10,Morocco RS Berkane
31,Morocco,B,FW,Aziz Bouhaddouz,29-01-87,13,3,Germany FC St. Pauli
31,Morocco,B,FW,Khalid Boutaïb,24-04-87,15,7,Turkey Yeni Malatyaspor
21,Morocco,B,FW,Youssef En-Nesyri,01-06-97,15,1,Spain Málaga
22,Morocco,B,GK,Ahmed Reda Tagnaouti,05-04-96,2,0,Morocco IR Tanger
29,Morocco,B,GK,Munir Mohamedi,10-05-89,25,0,Spain Numancia
27,Morocco,B,GK,Yassine Bounou,05-04-91,10,0,Spain Girona
20,Morocco,B,MF,Amine Harit,18-06-97,3,0,Germany Schalke 04
29,Morocco,B,MF,Fayçal Fajr,01-08-88,21,2,Spain Getafe
25,Morocco,B,MF,Hakim Ziyech,19-03-93,15,8,Netherlands Ajax
33,Morocco,B,MF,Karim El Ahmadi,27-01-85,48,1,Netherlands Feyenoord
33,Morocco,B,MF,Mbark Boussoufa,15-08-84,56,7,United Arab Emirates Al-Jazira
28,Morocco,B,MF,Mehdi Carcela,01-07-89,19,1,Belgium Standard Liège
31,Morocco,B,MF,Nordin Amrabat,31-03-87,41,4,Spain Leganés
21,Morocco,B,MF,Sofyan Amrabat,21-08-96,4,0,Netherlands Feyenoord
28,Morocco,B,MF,Younès Belhanda,25-02-90,44,3,Turkey Galatasaray
21,Morocco,B,MF,Youssef Aït Bennasser,07-07-96,11,0,France Caen
36,Portugal,B,DF,Bruno Alves,27-11-81,95,11,Scotland Rangers
26,Portugal,B,DF,Cédric,31-08-91,26,1,England Southampton
34,Portugal,B,DF,José Fonte,22-12-83,28,0,China Dalian Yifang
27,Portugal,B,DF,Mário Rui,27-05-91,1,0,Italy Napoli
35,Portugal,B,DF,Pepe,26-02-83,92,5,Turkey Be?ikta?
24,Portugal,B,DF,Raphaël Guerreiro,22-12-93,21,2,Germany Borussia Dortmund
24,Portugal,B,DF,Ricardo Pereira,06-10-93,3,0,Portugal Porto
21,Portugal,B,DF,Rúben Dias,14-05-97,0,0,Portugal Benfica
22,Portugal,B,FW,André Silva,06-11-95,20,11,Italy Milan
33,Portugal,B,FW,Cristiano Ronaldo (captain),05-02-85,149,81,Spain Real Madrid
23,Portugal,B,FW,Gelson Martins,11-05-95,17,0,Portugal Sporting CP
21,Portugal,B,FW,Gonçalo Guedes,29-11-96,7,1,Spain Valencia
34,Portugal,B,FW,Ricardo Quaresma,26-09-83,74,9,Turkey Be?ikta?
27,Portugal,B,GK,Anthony Lopes,01-10-90,6,0,France Lyon
36,Portugal,B,GK,Beto,01-06-82,13,0,Turkey Göztepe
30,Portugal,B,GK,Rui Patrício,15-02-88,68,0,Portugal Sporting CP
29,Portugal,B,MF,Adrien Silva,15-03-89,21,1,England Leicester City
23,Portugal,B,MF,Bernardo Silva,10-08-94,22,2,England Manchester City
23,Portugal,B,MF,Bruno Fernandes,08-09-94,4,0,Portugal Sporting CP
25,Portugal,B,MF,João Mário,19-01-93,33,1,England West Ham United
31,Portugal,B,MF,João Moutinho,08-09-86,107,7,France Monaco
32,Portugal,B,MF,Manuel Fernandes,05-02-86,12,3,Russia Lokomotiv Moscow
26,Portugal,B,MF,William Carvalho,07-04-92,40,2,Portugal Sporting CP
22,Spain,B,DF,Álvaro Odriozola,14-12-95,2,0,Spain Real Sociedad
28,Spain,B,DF,César Azpilicueta,28-08-89,21,0,England Chelsea
26,Spain,B,DF,Dani Carvajal,11-01-92,15,0,Spain Real Madrid
31,Spain,B,DF,Gerard Piqué,02-02-87,96,5,Spain Barcelona
29,Spain,B,DF,Jordi Alba,21-03-89,60,8,Spain Barcelona
28,Spain,B,DF,Nacho,18-01-90,15,0,Spain Real Madrid
32,Spain,B,DF,Nacho Monreal,26-02-86,21,1,England Arsenal
32,Spain,B,DF,Sergio Ramos (captain),30-03-86,151,13,Spain Real Madrid
29,Spain,B,FW,Diego Costa,07-10-88,18,7,Spain Atlético Madrid
30,Spain,B,FW,Iago Aspas,01-08-87,8,4,Spain Celta Vigo
26,Spain,B,FW,Lucas Vázquez,01-07-91,5,0,Spain Real Madrid
22,Spain,B,FW,Marco Asensio,21-01-96,10,0,Spain Real Madrid
27,Spain,B,FW,Rodrigo,06-03-91,4,2,Spain Valencia
27,Spain,B,GK,David de Gea,07-11-90,27,0,England Manchester United
23,Spain,B,GK,Kepa Arrizabalaga,03-10-94,1,0,Spain Athletic Bilbao
35,Spain,B,GK,Pepe Reina,31-08-82,36,0,Italy Napoli
34,Spain,B,MF,Andrés Iniesta,11-05-84,125,14,Spain Barcelona
32,Spain,B,MF,David Silva,08-01-86,119,35,England Manchester City
26,Spain,B,MF,Isco,21-04-92,27,10,Spain Real Madrid
26,Spain,B,MF,Koke,08-01-92,38,0,Spain Atlético Madrid
23,Spain,B,MF,Saúl,21-11-94,9,0,Spain Atlético Madrid
29,Spain,B,MF,Sergio Busquets,16-07-88,102,2,Spain Barcelona
27,Spain,B,MF,Thiago,11-04-91,27,2,Germany Bayern Munich
27,Australia,C,DF,Aziz Behich,16-10-90,21,2,Turkey Bursaspor
30,Australia,C,DF,James Meredith,04-04-88,2,0,England Millwall
25,Australia,C,DF,Josh Risdon,27-07-92,6,0,Australia Western Sydney Wanderers
28,Australia,C,DF,Matthew Jurman,08-12-89,4,0,South Korea Suwon Samsung Bluewings
24,Australia,C,DF,Milos Degenek,28-04-94,17,0,Japan Yokohama F. Marinos
26,Australia,C,DF,Trent Sainsbury,05-01-92,33,3,Switzerland Grasshoppers
25,Australia,C,FW,Andrew Nabbout,17-12-92,2,0,Japan Urawa Red Diamonds
24,Australia,C,FW,Jamie Maclaren,29-07-93,6,0,Scotland Hibernian
27,Australia,C,FW,Mathew Leckie,04-02-91,51,6,Germany Hertha BSC
29,Australia,C,FW,Robbie Kruse,05-10-88,62,5,Germany VfL Bochum
38,Australia,C,FW,Tim Cahill,06-12-79,105,50,England Millwall
26,Australia,C,FW,Tomi Juric,22-07-91,34,8,Switzerland Luzern
36,Australia,C,GK,Brad Jones,19-03-82,5,0,Netherlands Feyenoord
33,Australia,C,GK,Danny Vukovic,27-03-85,1,0,Belgium Genk
26,Australia,C,GK,Mathew Ryan,08-04-92,42,0,England Brighton & Hove Albion
27,Australia,C,MF,Aaron Mooy,15-09-90,32,5,England Huddersfield Town
19,Australia,C,MF,Daniel Arzani,04-01-99,0,0,Australia Melbourne City
25,Australia,C,MF,Dimitri Petratos,10-11-92,1,0,Australia Newcastle Jets
25,Australia,C,MF,Jackson Irvine,07-03-93,17,2,England Hull City
32,Australia,C,MF,Mark Milligan,04-08-85,69,6,Saudi Arabia Al-Ahli
25,Australia,C,MF,Massimo Luongo,25-09-92,34,5,England Queens Park Rangers
33,Australia,C,MF,Mile Jedinak (captain),03-08-84,75,18,England Aston Villa
25,Australia,C,MF,Tom Rogic,16-12-92,35,7,Scotland Celtic
22,Denmark,C,DF,Andreas Christensen,10-04-96,14,1,England Chelsea
28,Denmark,C,DF,Henrik Dalsgaard,27-07-89,9,0,England Brentford
25,Denmark,C,DF,Jannik Vestergaard,03-08-92,15,1,Germany Borussia Mönchengladbach
27,Denmark,C,DF,Jens Stryger Larsen,21-02-91,11,1,Italy Udinese
25,Denmark,C,DF,Jonas Knudsen,16-09-92,3,0,England Ipswich Town
28,Denmark,C,DF,Mathias Jørgensen,23-04-90,12,0,England Huddersfield Town
29,Denmark,C,DF,Simon Kjær (captain),26-03-89,76,3,Spain Sevilla
25,Denmark,C,FW,Andreas Cornelius,16-03-93,18,4,Italy Atalanta
20,Denmark,C,FW,Kasper Dolberg,06-10-97,4,1,Netherlands Ajax
27,Denmark,C,FW,Martin Braithwaite,05-06-91,18,1,France Bordeaux
27,Denmark,C,FW,Nicolai Jørgensen,15-01-91,29,8,Netherlands Feyenoord
24,Denmark,C,FW,Viktor Fischer,09-06-94,17,3,Denmark Copenhagen
23,Denmark,C,FW,Yussuf Poulsen,15-06-94,26,3,Germany RB Leipzig
25,Denmark,C,GK,Frederik Rønnow,04-08-92,6,0,Denmark Brøndby
29,Denmark,C,GK,Jonas Lössl,01-02-89,1,0,England Huddersfield Town
31,Denmark,C,GK,Kasper Schmeichel,05-11-86,33,0,England Leicester City
26,Denmark,C,MF,Christian Eriksen,14-02-92,77,21,England Tottenham Hotspur
32,Denmark,C,MF,Lasse Schöne,27-05-86,34,3,Netherlands Ajax
24,Denmark,C,MF,Lukas Lerager,12-07-93,3,0,France Bordeaux
35,Denmark,C,MF,Michael Krohn-Dehli,06-06-83,57,6,Spain Deportivo La Coruña
23,Denmark,C,MF,Pione Sisto,04-02-95,12,1,Spain Celta Vigo
26,Denmark,C,MF,Thomas Delaney,03-09-91,25,4,Germany Werder Bremen
33,Denmark,C,MF,William Kvist,24-02-85,78,2,Denmark Copenhagen
32,France,C,DF,Adil Rami,27-12-85,33,1,France Marseille
23,France,C,DF,Benjamin Mendy,17-07-94,4,0,England Manchester City
22,France,C,DF,Benjamin Pavard,28-03-96,3,0,Germany VfB Stuttgart
25,France,C,DF,Djibril Sidibé,29-07-92,15,1,France Monaco
22,France,C,DF,Lucas Hernández,14-02-96,2,0,Spain Atlético Madrid
22,France,C,DF,Presnel Kimpembe,13-08-95,1,0,France Paris Saint-Germain
25,France,C,DF,Raphaël Varane,25-04-93,41,2,Spain Real Madrid
24,France,C,DF,Samuel Umtiti,14-11-93,16,1,Spain Barcelona
27,France,C,FW,Antoine Griezmann,21-03-91,51,19,Spain Atlético Madrid
25,France,C,FW,Florian Thauvin,26-01-93,3,0,France Marseille
19,France,C,FW,Kylian Mbappé,20-12-98,12,3,France Paris Saint-Germain
24,France,C,FW,Nabil Fekir,18-07-93,10,1,France Lyon
31,France,C,FW,Olivier Giroud,30-09-86,71,30,England Chelsea
21,France,C,FW,Ousmane Dembélé,15-05-97,9,1,Spain Barcelona
25,France,C,GK,Alphonse Areola,27-02-93,0,0,France Paris Saint-Germain
31,France,C,GK,Hugo Lloris (captain),26-12-86,96,0,England Tottenham Hotspur
33,France,C,GK,Steve Mandanda,28-03-85,26,0,France Marseille
31,France,C,MF,Blaise Matuidi,09-04-87,64,9,Italy Juventus
23,France,C,MF,Corentin Tolisso,03-08-94,6,0,Germany Bayern Munich
27,France,C,MF,N'Golo Kanté,29-03-91,22,1,England Chelsea
25,France,C,MF,Paul Pogba,15-03-93,51,9,England Manchester United
29,France,C,MF,Steven Nzonzi,15-12-88,2,0,Spain Sevilla
22,France,C,MF,Thomas Lemar,12-11-95,10,3,France Monaco
34,Peru,C,DF,Alberto Rodríguez,31-05-84,58,0,Colombia Atlético Junior
29,Peru,C,DF,Aldo Corzo,20-05-89,23,0,Peru Universitario
26,Peru,C,DF,Anderson Santamaría,10-01-92,2,0,Mexico Puebla
29,Peru,C,DF,Christian Ramos,04-11-88,63,3,Mexico Veracruz
28,Peru,C,DF,Luis Advíncula,02-03-90,62,0,Mexico Lobos BUAP
23,Peru,C,DF,Miguel Araujo,24-10-94,2,0,Peru Alianza Lima
25,Peru,C,DF,Miguel Trauco,25-08-92,24,0,Brazil Flamengo
23,Peru,C,DF,Nilson Loyola,26-10-94,3,0,Peru FBC Melgar
27,Peru,C,FW,André Carrillo,14-06-91,42,4,England Watford
23,Peru,C,FW,Andy Polo,29-09-94,15,1,United States Portland Timbers
33,Peru,C,FW,Jefferson Farfán,26-10-84,81,24,Russia Lokomotiv Moscow
34,Peru,C,FW,Paolo Guerrero (captain),01-01-84,87,34,Brazil Flamengo
27,Peru,C,FW,Paolo Hurtado,27-07-90,29,3,Portugal Vitória de Guimarães
27,Peru,C,FW,Raúl Ruidíaz,25-07-90,29,4,Mexico Morelia
26,Peru,C,GK,Carlos Cáceda,27-09-91,4,0,Peru Deportivo Municipal
32,Peru,C,GK,José Carvallo,01-03-86,5,0,Peru UTC
28,Peru,C,GK,Pedro Gallese,23-04-90,36,0,Mexico Veracruz
26,Peru,C,MF,Christian Cueva,23-11-91,41,7,Brazil São Paulo
24,Peru,C,MF,Edison Flores,14-05-94,26,9,Denmark AaB
23,Peru,C,MF,Pedro Aquino,13-04-95,10,0,Mexico Lobos BUAP
22,Peru,C,MF,Renato Tapia,28-07-95,20,1,Netherlands Feyenoord
23,Peru,C,MF,Wilder Cartagena,23-09-94,2,0,Mexico Veracruz
28,Peru,C,MF,Yoshimar Yotún,07-04-90,70,2,United States Orlando City
31,Argentina,D,DF,Cristian Ansaldi,20-09-86,5,0,Italy Torino
27,Argentina,D,DF,Eduardo Salvio,13-07-90,8,0,Portugal Benfica
31,Argentina,D,DF,Federico Fazio,30-01-87,8,1,Italy Roma
31,Argentina,D,DF,Gabriel Mercado,18-03-87,20,3,Spain Sevilla
34,Argentina,D,DF,Javier Mascherano,08-06-84,142,3,China Hebei China Fortune
26,Argentina,D,DF,Marcos Acuña,28-10-91,9,0,Portugal Sporting CP
27,Argentina,D,DF,Marcos Rojo,28-11-90,55,2,England Manchester United
29,Argentina,D,DF,Nicolás Otamendi,05-07-88,53,4,England Manchester City
25,Argentina,D,DF,Nicolás Tagliafico,31-08-92,3,0,Netherlands Ajax
30,Argentina,D,FW,Gonzalo Higuaín,10-12-87,70,31,Italy Juventus
30,Argentina,D,FW,Lionel Messi (captain),24-06-87,123,61,Spain Barcelona
24,Argentina,D,FW,Paulo Dybala,15-11-93,12,0,Italy Juventus
30,Argentina,D,FW,Sergio Agüero,02-06-88,84,36,England Manchester City
31,Argentina,D,GK,Franco Armani,16-10-86,0,0,Argentina River Plate
32,Argentina,D,GK,Nahuel Guzmán,10-02-86,6,0,Mexico UANL
36,Argentina,D,GK,Willy Caballero,28-09-81,2,0,England Chelsea
30,Argentina,D,MF,Ángel Di María,21-05-88,93,19,France Paris Saint-Germain
22,Argentina,D,MF,Cristian Pavón,21-01-96,4,0,Argentina Boca Juniors
29,Argentina,D,MF,Éver Banega,29-06-88,61,6,Spain Sevilla
22,Argentina,D,MF,Giovani Lo Celso,09-04-96,4,0,France Paris Saint-Germain
32,Argentina,D,MF,Lucas Biglia,30-01-86,36,1,Italy Milan
25,Argentina,D,MF,Manuel Lanzini,13-02-93,3,1,England West Ham United
26,Argentina,D,MF,Maximiliano Meza,15-01-92,1,0,Argentina Independiente
28,Croatia,D,DF,Dejan Lovren,05-07-89,37,2,England Liverpool
29,Croatia,D,DF,Domagoj Vida,29-04-89,57,2,Turkey Be?ikta?
21,Croatia,D,DF,Duje ?aleta-Car,17-09-96,0,0,Austria Red Bull Salzburg
30,Croatia,D,DF,Ivan Strini?,17-07-87,42,0,Italy Sampdoria
29,Croatia,D,DF,Josip Pivari?,30-01-89,19,0,Ukraine Dynamo Kyiv
26,Croatia,D,DF,Šime Vrsaljko,10-01-92,34,0,Spain Atlético Madrid
22,Croatia,D,DF,Tin Jedvaj,28-11-95,10,0,Germany Bayer Leverkusen
32,Croatia,D,DF,Vedran ?orluka,05-02-86,97,4,Russia Lokomotiv Moscow
26,Croatia,D,FW,Andrej Kramari?,19-06-91,29,8,Germany 1899 Hoffenheim
24,Croatia,D,FW,Ante Rebi?,21-09-93,14,1,Germany Eintracht Frankfurt
29,Croatia,D,FW,Ivan Periši?,02-02-89,64,17,Italy Internazionale
32,Croatia,D,FW,Mario Mandžuki?,21-05-86,82,30,Italy Juventus
23,Croatia,D,FW,Marko Pjaca,06-05-95,15,1,Germany Schalke 04
30,Croatia,D,FW,Nikola Kalini?,05-01-88,41,15,Italy Milan
33,Croatia,D,GK,Danijel Subaši?,27-10-84,36,0,France Monaco
23,Croatia,D,GK,Dominik Livakovi?,09-01-95,1,0,Croatia Dinamo Zagreb
28,Croatia,D,GK,Lovre Kalini?,03-04-90,10,0,Belgium Gent
26,Croatia,D,MF,Filip Bradari?,11-01-92,3,0,Croatia Rijeka
30,Croatia,D,MF,Ivan Rakiti?,10-03-88,90,14,Spain Barcelona
32,Croatia,D,MF,Luka Modri? (captain),09-09-85,104,12,Spain Real Madrid
25,Croatia,D,MF,Marcelo Brozovi?,16-11-92,33,6,Italy Internazionale
24,Croatia,D,MF,Mateo Kova?i?,06-05-94,39,1,Spain Real Madrid
29,Croatia,D,MF,Milan Badelj,25-02-89,36,1,Italy Fiorentina
31,Iceland,D,DF,Ari Freyr Skúlason,14-05-87,54,0,Belgium Lokeren
33,Iceland,D,DF,Birkir Már Sævarsson,11-11-84,78,1,Iceland Valur
27,Iceland,D,DF,Hólmar Örn Eyjólfsson,06-08-90,9,1,Bulgaria Levski Sofia
25,Iceland,D,DF,Hörður Björgvin Magnússon,11-02-93,15,2,England Bristol City
35,Iceland,D,DF,Kári Árnason,13-10-82,65,4,Scotland Aberdeen
31,Iceland,D,DF,Ragnar Sigurðsson,19-06-86,75,3,Russia Rostov
22,Iceland,D,DF,Samúel Friðjónsson,22-02-96,3,0,Norway Vålerenga
24,Iceland,D,DF,Sverrir Ingi Ingason,05-08-93,18,3,Russia Rostov
20,Iceland,D,FW,Albert Guðmundsson,15-06-97,4,3,Netherlands PSV Eindhoven
29,Iceland,D,FW,Alfreð Finnbogason,01-02-89,45,11,Germany FC Augsburg
27,Iceland,D,FW,Björn Bergmann Sigurðarson,26-02-91,10,1,Russia Rostov
26,Iceland,D,FW,Jón Daði Böðvarsson,25-05-92,36,2,England Reading
23,Iceland,D,GK,Frederik Schram,19-01-95,3,0,Denmark Roskilde
34,Iceland,D,GK,Hannes Þór Halldórsson,27-04-84,48,0,Denmark Randers
23,Iceland,D,GK,Rúnar Alex Rúnarsson,18-02-95,3,0,Denmark Nordsjælland
25,Iceland,D,MF,Arnór Ingvi Traustason,30-04-93,18,5,Sweden Malmö
29,Iceland,D,MF,Aron Gunnarsson (captain),22-04-89,77,2,Wales Cardiff City
30,Iceland,D,MF,Birkir Bjarnason,27-05-88,65,9,England Aston Villa
33,Iceland,D,MF,Emil Hallfreðsson,29-06-84,62,1,Italy Udinese
28,Iceland,D,MF,Gylfi Sigurðsson,08-09-89,55,18,England Everton
27,Iceland,D,MF,Jóhann Berg Guðmundsson,27-10-90,65,7,England Burnley
35,Iceland,D,MF,Ólafur Ingi Skúlason,01-04-83,35,1,Turkey Kardemir Karabükspor
30,Iceland,D,MF,Rúrik Gíslason,25-02-88,45,3,Germany SV Sandhausen
26,Nigeria,D,DF,Brian Idowu,18-05-92,3,1,Russia Amkar Perm
21,Nigeria,D,DF,Chidozie Awaziem,01-01-97,4,0,France Nantes
30,Nigeria,D,DF,Elderson Echiéjilé,20-01-88,60,3,Belgium Cercle Brugge
24,Nigeria,D,DF,Kenneth Omeruo,17-10-93,37,0,Turkey Kas?mpa?a
29,Nigeria,D,DF,Leon Balogun,28-06-88,16,0,Germany Mainz 05
25,Nigeria,D,DF,Shehu Abdullahi,12-03-93,22,0,Turkey Bursaspor
22,Nigeria,D,DF,Tyronne Ebuehi,16-12-95,4,0,Netherlands ADO Den Haag
24,Nigeria,D,DF,William Troost-Ekong,01-09-93,19,0,Turkey Bursaspor
25,Nigeria,D,FW,Ahmed Musa,14-10-92,69,13,Russia CSKA Moscow
21,Nigeria,D,FW,Kelechi Iheanacho,03-10-96,15,8,England Leicester City
28,Nigeria,D,FW,Odion Ighalo,16-06-89,17,4,China Changchun Yatai
26,Nigeria,D,FW,Simeon Nwankwo,07-05-92,0,0,Italy Crotone
31,Nigeria,D,GK,Daniel Akpeyi,03-08-86,7,0,South Africa Chippa United
19,Nigeria,D,GK,Francis Uzoho,28-10-98,3,0,Spain Deportivo Fabril
29,Nigeria,D,GK,Ikechukwu Ezenwa,16-10-88,24,0,Nigeria Enyimba
22,Nigeria,D,MF,Alex Iwobi,03-05-96,16,4,England Arsenal
27,Nigeria,D,MF,Joel Obi,22-05-91,15,0,Italy Torino
31,Nigeria,D,MF,John Obi Mikel (captain),22-04-87,83,6,China Tianjin TEDA
30,Nigeria,D,MF,John Ogu,20-04-88,18,2,Israel Hapoel Be'er Sheva
25,Nigeria,D,MF,Ogenyi Onazi,25-12-92,50,1,Turkey Trabzonspor
22,Nigeria,D,MF,Oghenekaro Etebo,09-11-95,12,1,Spain Las Palmas
27,Nigeria,D,MF,Victor Moses,12-12-90,32,11,England Chelsea
21,Nigeria,D,MF,Wilfred Ndidi,16-12-96,16,0,England Leicester City
26,Brazil,E,DF,Danilo,15-07-91,16,0,England Manchester City
29,Brazil,E,DF,Fagner,11-06-89,4,0,Brazil Corinthians
32,Brazil,E,DF,Filipe Luís,09-08-85,31,2,Spain Atlético Madrid
30,Brazil,E,DF,Marcelo,12-05-88,52,6,Spain Real Madrid
24,Brazil,E,DF,Marquinhos,14-05-94,24,0,France Paris Saint-Germain
33,Brazil,E,DF,Miranda,07-09-84,45,2,Italy Internazionale
32,Brazil,E,DF,Pedro Geromel,21-09-85,2,0,Brazil Grêmio
33,Brazil,E,DF,Thiago Silva,22-09-84,69,5,France Paris Saint-Germain
27,Brazil,E,FW,Douglas Costa,14-09-90,24,3,Italy Juventus
21,Brazil,E,FW,Gabriel Jesus,03-04-97,15,9,England Manchester City
26,Brazil,E,FW,Neymar,05-02-92,83,53,France Paris Saint-Germain
26,Brazil,E,FW,Roberto Firmino,02-10-91,19,5,England Liverpool
30,Brazil,E,FW,Taison,13-01-88,6,1,Ukraine Shakhtar Donetsk
25,Brazil,E,GK,Alisson,02-10-92,24,0,Italy Roma
31,Brazil,E,GK,Cássio,06-06-87,1,0,Brazil Corinthians
24,Brazil,E,GK,Ederson,17-08-93,1,0,England Manchester City
26,Brazil,E,MF,Casemiro,23-02-92,22,0,Spain Real Madrid
33,Brazil,E,MF,Fernandinho,04-05-85,42,2,England Manchester City
25,Brazil,E,MF,Fred,05-03-93,7,0,Ukraine Shakhtar Donetsk
29,Brazil,E,MF,Paulinho,25-07-88,48,12,Spain Barcelona
26,Brazil,E,MF,Philippe Coutinho,12-06-92,35,9,Spain Barcelona
30,Brazil,E,MF,Renato Augusto,08-02-88,28,5,China Beijing Sinobo Guoan
29,Brazil,E,MF,Willian,09-08-88,55,8,England Chelsea
28,Costa Rica,E,DF,Bryan Oviedo,18-02-90,41,1,England Sunderland
28,Costa Rica,E,DF,Cristian Gamboa,24-10-89,65,3,Scotland Celtic
25,Costa Rica,E,DF,Francisco Calvo,08-07-92,35,3,United States Minnesota United
30,Costa Rica,E,DF,Giancarlo González,08-02-88,67,2,Italy Bologna
20,Costa Rica,E,DF,Ian Smith,06-03-98,1,0,Sweden Norrköping
34,Costa Rica,E,DF,Johnny Acosta,21-07-83,67,2,Colombia Águilas Doradas
30,Costa Rica,E,DF,Kendall Waston,01-01-88,24,3,Canada Vancouver Whitecaps FC
29,Costa Rica,E,DF,Óscar Duarte,03-06-89,37,2,Spain Espanyol
23,Costa Rica,E,DF,Rónald Matarrita,09-07-94,21,2,United States New York City FC
32,Costa Rica,E,FW,Bryan Ruiz (captain),18-08-85,109,23,Portugal Sporting CP
25,Costa Rica,E,FW,Joel Campbell,26-06-92,76,14,Spain Real Betis
29,Costa Rica,E,FW,Johan Venegas,27-11-88,44,9,Costa Rica Saprissa
28,Costa Rica,E,FW,Marco Ureña,05-03-90,62,15,United States Los Angeles FC
31,Costa Rica,E,GK,Keylor Navas,15-12-86,78,0,Spain Real Madrid
28,Costa Rica,E,GK,Leonel Moreira,02-04-90,8,0,Costa Rica Herediano
36,Costa Rica,E,GK,Patrick Pemberton,24-05-82,39,0,Costa Rica Alajuelense
30,Costa Rica,E,MF,Celso Borges,27-05-88,110,21,Spain Deportivo La Coruña
34,Costa Rica,E,MF,Christian Bolaños,30-05-84,79,6,Costa Rica Saprissa
33,Costa Rica,E,MF,Daniel Colindres,28-05-85,10,0,Costa Rica Saprissa
28,Costa Rica,E,MF,David Guzmán,18-02-90,40,0,United States Portland Timbers
33,Costa Rica,E,MF,Randall Azofeifa,30-12-84,57,3,Costa Rica Herediano
29,Costa Rica,E,MF,Rodney Wallace,17-06-88,30,4,United States New York City FC
26,Costa Rica,E,MF,Yeltsin Tejeda,17-03-92,48,0,Switzerland Lausanne
32,Serbia,E,DF,Aleksandar Kolarov (captain),10-11-85,74,10,Italy Roma
34,Serbia,E,DF,Antonio Rukavina,26-01-84,45,0,Spain Villarreal
34,Serbia,E,DF,Branislav Ivanovi?,22-02-84,102,12,Russia Zenit Saint Petersburg
33,Serbia,E,DF,Duško Toši?,19-01-85,22,1,Turkey Be?ikta?
27,Serbia,E,DF,Milan Rodi?,02-04-91,0,0,Serbia Red Star Belgrade
22,Serbia,E,DF,Miloš Veljkovi?,26-09-95,2,0,Germany Werder Bremen
20,Serbia,E,DF,Nikola Milenkovi?,12-10-97,1,0,Italy Fiorentina
25,Serbia,E,DF,Uroš Spaji?,13-02-93,5,0,Belgium Anderlecht
23,Serbia,E,FW,Aleksandar Mitrovi?,16-09-94,35,13,England Fulham
28,Serbia,E,FW,Aleksandar Prijovi?,21-04-90,8,1,Greece PAOK
20,Serbia,E,FW,Luka Jovi?,23-12-97,0,0,Germany Eintracht Frankfurt
26,Serbia,E,GK,Marko Dmitrovi?,24-01-92,2,0,Spain Eibar
22,Serbia,E,GK,Predrag Rajkovi?,31-10-95,7,0,Israel Maccabi Tel Aviv
34,Serbia,E,GK,Vladimir Stojkovi?,28-07-83,79,0,Serbia Partizan
26,Serbia,E,MF,Adem Ljaji?,29-09-91,27,5,Italy Torino
21,Serbia,E,MF,Andrija Živkovi?,11-07-96,9,0,Portugal Benfica
29,Serbia,E,MF,Dušan Tadi?,20-11-88,51,13,England Southampton
25,Serbia,E,MF,Filip Kosti?,01-11-92,21,2,Germany Hamburger SV
27,Serbia,E,MF,Luka Milivojevi?,07-04-91,26,1,England Crystal Palace
22,Serbia,E,MF,Marko Gruji?,13-04-96,6,0,Wales Cardiff City
29,Serbia,E,MF,Nemanja Mati?,01-08-88,38,2,England Manchester United
22,Serbia,E,MF,Nemanja Radonji?,15-02-96,1,0,Serbia Red Star Belgrade
23,Serbia,E,MF,Sergej Milinkovi?-Savi?,27-02-95,2,0,Italy Lazio
26,Switzerland,E,DF,Fabian Schär,20-12-91,37,7,Spain Deportivo La Coruña
27,Switzerland,E,DF,François Moubandje,21-06-90,16,0,France Toulouse
31,Switzerland,E,DF,Johan Djourou,18-01-87,73,2,Turkey Antalyaspor
22,Switzerland,E,DF,Manuel Akanji,19-07-95,5,0,Germany Borussia Dortmund
27,Switzerland,E,DF,Michael Lang,08-02-91,23,2,Switzerland Basel
21,Switzerland,E,DF,Nico Elvedi,30-09-96,5,0,Germany Borussia Mönchengladbach
25,Switzerland,E,DF,Ricardo Rodríguez,25-08-92,51,3,Italy Milan
34,Switzerland,E,DF,Stephan Lichtsteiner (captain),16-01-84,98,8,Italy Juventus
21,Switzerland,E,FW,Breel Embolo,14-02-97,23,3,Germany Schalke 04
26,Switzerland,E,FW,Haris Seferovi?,22-02-92,49,11,Portugal Benfica
25,Switzerland,E,FW,Josip Drmi?,08-08-92,27,9,Germany Borussia Mönchengladbach
28,Switzerland,E,FW,Mario Gavranovi?,24-11-89,13,5,Croatia Dinamo Zagreb
27,Switzerland,E,GK,Roman Bürki,14-11-90,8,0,Germany Borussia Dortmund
29,Switzerland,E,GK,Yann Sommer,17-12-88,34,0,Germany Borussia Mönchengladbach
24,Switzerland,E,GK,Yvon Mvogo,06-06-94,0,0,Germany RB Leipzig
32,Switzerland,E,MF,Blerim Džemaili,12-04-86,63,9,Italy Bologna
21,Switzerland,E,MF,Denis Zakaria,20-11-96,9,0,Germany Borussia Mönchengladbach
31,Switzerland,E,MF,Gelson Fernandes,02-09-86,66,2,Germany Eintracht Frankfurt
25,Switzerland,E,MF,Granit Xhaka,27-09-92,61,9,England Arsenal
26,Switzerland,E,MF,Remo Freuler,15-04-92,9,0,Italy Atalanta
26,Switzerland,E,MF,Steven Zuber,17-08-91,10,3,Germany 1899 Hoffenheim
33,Switzerland,E,MF,Valon Behrami,19-04-85,77,2,Italy Udinese
26,Switzerland,E,MF,Xherdan Shaqiri,10-10-91,68,20,England Stoke City
25,Germany,F,DF,Antonio Rüdiger,03-03-93,23,1,England Chelsea
29,Germany,F,DF,Jérôme Boateng,03-09-88,70,1,Germany Bayern Munich
28,Germany,F,DF,Jonas Hector,27-05-90,36,3,Germany 1. FC Köln
23,Germany,F,DF,Joshua Kimmich,08-02-95,27,3,Germany Bayern Munich
26,Germany,F,DF,Marvin Plattenhardt,26-01-92,6,0,Germany Hertha BSC
29,Germany,F,DF,Mats Hummels,16-12-88,63,5,Germany Bayern Munich
24,Germany,F,DF,Matthias Ginter,19-01-94,17,0,Germany Borussia Mönchengladbach
22,Germany,F,DF,Niklas Süle,03-09-95,9,0,Germany Bayern Munich
32,Germany,F,FW,Mario Gómez,10-07-85,73,31,Germany VfB Stuttgart
28,Germany,F,FW,Thomas Müller,13-09-89,90,38,Germany Bayern Munich
22,Germany,F,FW,Timo Werner,06-03-96,12,7,Germany RB Leipzig
27,Germany,F,GK,Kevin Trapp,08-07-90,3,0,France Paris Saint-Germain
32,Germany,F,GK,Manuel Neuer (captain),27-03-86,74,0,Germany Bayern Munich
26,Germany,F,GK,Marc-André ter Stegen,30-04-92,19,0,Spain Barcelona
27,Germany,F,MF,?lkay Gündo?an,24-10-90,24,4,England Manchester City
22,Germany,F,MF,Julian Brandt,02-05-96,14,1,Germany Bayer Leverkusen
24,Germany,F,MF,Julian Draxler,20-09-93,42,6,France Paris Saint-Germain
23,Germany,F,MF,Leon Goretzka,06-02-95,14,6,Germany Schalke 04
29,Germany,F,MF,Marco Reus,31-05-89,29,9,Germany Borussia Dortmund
29,Germany,F,MF,Mesut Özil,15-10-88,89,22,England Arsenal
31,Germany,F,MF,Sami Khedira,04-04-87,73,7,Italy Juventus
28,Germany,F,MF,Sebastian Rudy,28-02-90,24,1,Germany Bayern Munich
28,Germany,F,MF,Toni Kroos,04-01-90,82,12,Spain Real Madrid
24,Mexico,F,DF,Carlos Salcedo,29-09-93,18,0,Germany Eintracht Frankfurt
25,Mexico,F,DF,Diego Reyes,19-09-92,55,1,Portugal Porto
20,Mexico,F,DF,Edson Álvarez,24-10-97,10,1,Mexico América
30,Mexico,F,DF,Héctor Moreno,17-01-88,91,3,Spain Real Sociedad
31,Mexico,F,DF,Hugo Ayala,31-03-87,40,1,Mexico UANL
23,Mexico,F,DF,Jesús Gallardo,14-08-94,20,0,Mexico UNAM
29,Mexico,F,DF,Miguel Layún,25-06-88,62,6,Spain Sevilla
29,Mexico,F,FW,Carlos Vela,01-03-89,67,18,United States Los Angeles FC
22,Mexico,F,FW,Hirving Lozano,30-07-95,26,7,Netherlands PSV Eindhoven
28,Mexico,F,FW,Javier Aquino,11-02-90,51,0,Mexico UANL
30,Mexico,F,FW,Javier Hernández,01-06-88,100,49,England West Ham United
25,Mexico,F,FW,Jesús Manuel Corona,06-01-93,33,7,Portugal Porto
34,Mexico,F,FW,Oribe Peralta,12-01-84,64,26,Mexico América
27,Mexico,F,FW,Raúl Jiménez,05-05-91,62,13,Portugal Benfica
35,Mexico,F,GK,Alfredo Talavera,18-09-82,27,0,Mexico Toluca
32,Mexico,F,GK,Guillermo Ochoa,13-07-85,92,0,Belgium Standard Liège
37,Mexico,F,GK,José de Jesús Corona,28-01-81,51,0,Mexico Cruz Azul
31,Mexico,F,MF,Andrés Guardado (captain),28-09-86,144,25,Spain Real Betis
29,Mexico,F,MF,Giovani dos Santos,11-05-89,102,18,United States LA Galaxy
28,Mexico,F,MF,Héctor Herrera,19-04-90,63,5,Portugal Porto
28,Mexico,F,MF,Jonathan dos Santos,26-04-90,29,0,United States LA Galaxy
28,Mexico,F,MF,Marco Fabián,21-07-89,36,9,Germany Eintracht Frankfurt
39,Mexico,F,MF,Rafael Márquez,13-02-79,143,18,Mexico Atlas
30,South Korea,F,DF,Go Yo-han,10-03-88,18,0,South Korea FC Seoul
27,South Korea,F,DF,Hong Chul,17-09-90,13,0,South Korea Sangju Sangmu
26,South Korea,F,DF,Jang Hyun-soo,28-09-91,49,3,Japan FC Tokyo
24,South Korea,F,DF,Jung Seung-hyun,03-04-94,4,0,Japan Sagan Tosu
28,South Korea,F,DF,Kim Min-woo,25-02-90,16,1,South Korea Sangju Sangmu
28,South Korea,F,DF,Kim Young-gwon,27-02-90,50,2,China Guangzhou Evergrande
31,South Korea,F,DF,Lee Yong,24-12-86,24,0,South Korea Jeonbuk Hyundai Motors
30,South Korea,F,DF,Oh Ban-suk,20-05-88,0,0,South Korea Jeju United
31,South Korea,F,DF,Park Joo-ho,16-01-87,34,0,South Korea Ulsan Hyundai
29,South Korea,F,DF,Yun Young-sun,04-10-88,4,0,South Korea Seongnam FC
22,South Korea,F,FW,Hwang Hee-chan,26-01-96,11,2,Austria Red Bull Salzburg
30,South Korea,F,FW,Kim Shin-wook,14-04-88,46,10,South Korea Jeonbuk Hyundai Motors
25,South Korea,F,FW,Son Heung-min,08-07-92,63,20,England Tottenham Hotspur
26,South Korea,F,GK,Cho Hyun-woo,25-09-91,4,0,South Korea Daegu FC
30,South Korea,F,GK,Kim Jin-hyeon,06-07-87,14,0,Japan Cerezo Osaka
27,South Korea,F,GK,Kim Seung-gyu,30-09-90,31,0,Japan Vissel Kobe
27,South Korea,F,MF,Ju Se-jong,30-10-90,8,1,South Korea Asan Mugunghwa
28,South Korea,F,MF,Jung Woo-young,14-12-89,26,1,Japan Vissel Kobe
29,South Korea,F,MF,Ki Sung-yueng (captain),24-01-89,99,10,Wales Swansea City
29,South Korea,F,MF,Koo Ja-cheol,27-02-89,65,19,Germany FC Augsburg
25,South Korea,F,MF,Lee Jae-sung,10-08-92,32,5,South Korea Jeonbuk Hyundai Motors
20,South Korea,F,MF,Lee Seung-woo,06-01-98,0,0,Italy Hellas Verona
26,South Korea,F,MF,Moon Seon-min,09-06-92,0,0,South Korea Incheon United
33,Sweden,F,DF,Andreas Granqvist (captain),16-04-85,70,6,Russia Krasnodar
23,Sweden,F,DF,Emil Krafth,02-08-94,11,0,Italy Bologna
25,Sweden,F,DF,Filip Helander,22-04-93,4,0,Italy Bologna
24,Sweden,F,DF,Ludwig Augustinsson,21-04-94,14,0,Germany Werder Bremen
30,Sweden,F,DF,Martin Olsson,17-05-88,42,5,Wales Swansea City
31,Sweden,F,DF,Mikael Lustig,13-12-86,64,6,Scotland Celtic
27,Sweden,F,DF,Pontus Jansson,13-02-91,14,0,England Leeds United
23,Sweden,F,DF,Victor Lindelöf,17-07-94,19,1,England Manchester United
25,Sweden,F,FW,Isaac Kiese Thelin,24-06-92,18,2,Belgium Waasland-Beveren
26,Sweden,F,FW,John Guidetti,15-04-92,20,1,Spain Alavés
31,Sweden,F,FW,Marcus Berg,17-08-86,55,18,United Arab Emirates Al Ain
31,Sweden,F,FW,Ola Toivonen,03-07-86,57,13,France Toulouse
28,Sweden,F,GK,Karl-Johan Johnsson,28-01-90,5,0,France Guingamp
28,Sweden,F,GK,Kristoffer Nordfeldt,23-06-89,8,0,Wales Swansea City
28,Sweden,F,GK,Robin Olsen,08-01-90,16,0,Denmark Copenhagen
28,Sweden,F,MF,Albin Ekdal,28-07-89,32,0,Germany Hamburger SV
26,Sweden,F,MF,Emil Forsberg,23-10-91,34,6,Germany RB Leipzig
31,Sweden,F,MF,Gustav Svensson,07-02-87,11,0,United States Seattle Sounders FC
29,Sweden,F,MF,Jimmy Durmaz,22-03-89,44,3,France Toulouse
27,Sweden,F,MF,Marcus Rohdén,11-05-91,10,1,Italy Crotone
25,Sweden,F,MF,Oscar Hiljemark,28-06-92,20,2,Italy Genoa
33,Sweden,F,MF,Sebastian Larsson,06-06-85,98,6,England Hull City
26,Sweden,F,MF,Viktor Claesson,02-01-92,21,3,Russia Krasnodar
27,Belgium,G,DF,Dedryck Boyata,28-11-90,4,0,Scotland Celtic
31,Belgium,G,DF,Jan Vertonghen,24-04-87,99,8,England Tottenham Hotspur
26,Belgium,G,DF,Thomas Meunier,12-09-91,22,5,France Paris Saint-Germain
32,Belgium,G,DF,Thomas Vermaelen,14-11-85,64,1,Spain Barcelona
29,Belgium,G,DF,Toby Alderweireld,02-03-89,71,3,England Tottenham Hotspur
32,Belgium,G,DF,Vincent Kompany,10-04-86,73,4,England Manchester City
31,Belgium,G,FW,Dries Mertens,06-05-87,64,13,Italy Napoli
24,Belgium,G,FW,Michy Batshuayi,02-10-93,13,5,Germany Borussia Dortmund
25,Belgium,G,FW,Romelu Lukaku,13-05-93,63,30,England Manchester United
25,Belgium,G,GK,Koen Casteels,25-06-92,0,0,Germany VfL Wolfsburg
30,Belgium,G,GK,Simon Mignolet,06-03-88,21,0,England Liverpool
26,Belgium,G,GK,Thibaut Courtois,11-05-92,55,0,England Chelsea
23,Belgium,G,MF,Adnan Januzaj,05-02-95,6,0,Spain Real Sociedad
29,Belgium,G,MF,Axel Witsel,12-01-89,85,9,China Tianjin Quanjian
27,Belgium,G,MF,Eden Hazard (captain),07-01-91,81,21,England Chelsea
26,Belgium,G,MF,Kevin De Bruyne,28-06-91,56,13,England Manchester City
23,Belgium,G,MF,Leander Dendoncker,15-04-95,4,0,Belgium Anderlecht
30,Belgium,G,MF,Marouane Fellaini,22-11-87,78,16,England Manchester United
30,Belgium,G,MF,Mousa Dembélé,16-07-87,73,5,England Tottenham Hotspur
28,Belgium,G,MF,Nacer Chadli,02-08-89,40,4,England West Bromwich Albion
25,Belgium,G,MF,Thorgan Hazard,29-03-93,7,1,Germany Borussia Mönchengladbach
24,Belgium,G,MF,Yannick Carrasco,04-09-93,22,5,China Dalian Yifang
21,Belgium,G,MF,Youri Tielemans,07-05-97,7,0,France Monaco
32,England,G,DF,Ashley Young,09-07-85,33,7,England Manchester United
27,England,G,DF,Danny Rose,02-07-90,16,0,England Tottenham Hotspur
28,England,G,DF,Fabian Delph,21-11-89,9,0,England Manchester City
32,England,G,DF,Gary Cahill,19-12-85,58,4,England Chelsea
25,England,G,DF,Harry Maguire,05-03-93,4,0,England Leicester City
24,England,G,DF,John Stones,28-05-94,24,0,England Manchester City
27,England,G,DF,Kieran Trippier,19-09-90,5,0,England Tottenham Hotspur
28,England,G,DF,Kyle Walker,28-05-90,34,0,England Manchester City
26,England,G,DF,Phil Jones,21-02-92,24,0,England Manchester United
19,England,G,DF,Trent Alexander-Arnold,07-10-98,0,0,England Liverpool
27,England,G,FW,Danny Welbeck,26-11-90,37,15,England Arsenal
24,England,G,FW,Harry Kane (captain),28-07-93,24,13,England Tottenham Hotspur
31,England,G,FW,Jamie Vardy,11-01-87,21,7,England Leicester City
20,England,G,FW,Marcus Rashford,31-10-97,17,2,England Manchester United
23,England,G,FW,Raheem Sterling,08-12-94,37,2,England Manchester City
25,England,G,GK,Jack Butland,10-03-93,7,0,England Stoke City
24,England,G,GK,Jordan Pickford,07-03-94,2,0,England Everton
26,England,G,GK,Nick Pope,19-04-92,0,0,England Burnley
22,England,G,MF,Dele Alli,11-04-96,23,2,England Tottenham Hotspur
24,England,G,MF,Eric Dier,15-01-94,25,3,England Tottenham Hotspur
25,England,G,MF,Jesse Lingard,15-12-92,10,1,England Manchester United
27,England,G,MF,Jordan Henderson,17-06-90,38,0,England Liverpool
22,England,G,MF,Ruben Loftus-Cheek,23-01-96,2,0,England Crystal Palace
33,Panama,G,DF,Adolfo Machado,14-02-85,74,1,United States Houston Dynamo
27,Panama,G,DF,Erick Davis,31-03-91,37,0,Slovakia Dunajská Streda
37,Panama,G,DF,Felipe Baloy (captain),24-02-81,101,3,Guatemala Municipal
23,Panama,G,DF,Fidel Escobar,09-01-95,21,1,United States New York Red Bulls
26,Panama,G,DF,Harold Cummings,01-03-92,51,0,United States San Jose Earthquakes
29,Panama,G,DF,Luis Ovalle,07-09-88,24,0,Honduras Olimpia
22,Panama,G,DF,Michael Amir Murillo,15-02-96,21,2,United States New York Red Bulls
32,Panama,G,DF,Román Torres,20-03-86,109,10,United States Seattle Sounders FC
24,Panama,G,FW,Abdiel Arroyo,13-12-93,33,5,Costa Rica Alajuelense
37,Panama,G,FW,Blas Pérez,13-03-81,116,43,Guatemala Municipal
29,Panama,G,FW,Gabriel Torres,31-10-88,71,14,Chile Huachipato
21,Panama,G,FW,Ismael Díaz,12-05-97,10,2,Spain Deportivo Fabril
36,Panama,G,FW,Luis Tejada,28-03-82,104,43,Peru Sport Boys
27,Panama,G,GK,Álex Rodríguez,05-08-90,6,0,Panama San Francisco
36,Panama,G,GK,Jaime Penedo,26-09-81,130,0,Romania Dinamo Bucure?ti
32,Panama,G,GK,José Calderón,14-08-85,30,0,Panama Chorrillo
30,Panama,G,MF,Alberto Quintero,18-12-87,89,5,Peru Universitario
28,Panama,G,MF,Aníbal Godoy,10-02-90,87,2,United States San Jose Earthquakes
30,Panama,G,MF,Armando Cooper,26-11-87,96,7,Chile Universidad de Chile
24,Panama,G,MF,Édgar Bárcenas,23-10-93,27,0,Mexico Tapachula
34,Panama,G,MF,Gabriel Gómez,29-05-84,142,12,Colombia Atlético Bucaramanga
19,Panama,G,MF,José Luis Rodríguez,19-06-98,0,0,Belgium Gent
27,Panama,G,MF,Valentín Pimentel,30-05-91,21,1,Panama Plaza Amador
28,Tunisia,G,DF,Ali Maâloul,01-01-90,43,0,Egypt Al Ahly
22,Tunisia,G,DF,Dylan Bronn,19-06-95,3,0,Belgium Gent
25,Tunisia,G,DF,Hamdi Nagguez,28-10-92,13,0,Egypt Zamalek
26,Tunisia,G,DF,Oussama Haddadi,28-01-92,6,0,France Dijon
28,Tunisia,G,DF,Rami Bedoui,19-01-90,8,0,Tunisia Étoile du Sahel
29,Tunisia,G,DF,Syam Ben Youssef,31-03-89,40,1,Turkey Kas?mpa?a
24,Tunisia,G,DF,Yassine Meriah,02-07-93,13,1,Tunisia CS Sfaxien
31,Tunisia,G,DF,Yohan Benalouane,28-03-87,2,0,England Leicester City
27,Tunisia,G,FW,Anice Badri,18-08-90,4,0,Tunisia Espérance
20,Tunisia,G,FW,Bassem Srarfi,25-06-97,2,0,France Nice
26,Tunisia,G,FW,Fakhreddine Ben Youssef,21-06-91,31,4,Saudi Arabia Al-Ettifaq
31,Tunisia,G,FW,Saber Khalifa,14-10-86,41,7,Tunisia Club Africain
27,Tunisia,G,FW,Wahbi Khazri,08-02-91,35,12,France Rennes
33,Tunisia,G,GK,Aymen Mathlouthi (captain),14-09-84,69,0,Saudi Arabia Al-Batin
28,Tunisia,G,GK,Farouk Ben Mustapha,01-07-89,15,0,Saudi Arabia Al-Shabab
23,Tunisia,G,GK,Mouez Hassen,05-03-95,1,0,France Châteauroux
23,Tunisia,G,MF,Ahmed Khalil,21-12-94,3,0,Tunisia Club Africain
23,Tunisia,G,MF,Ellyes Skhiri,10-05-95,2,0,France Montpellier
26,Tunisia,G,MF,Ferjani Sassi,18-03-92,36,2,Saudi Arabia Al-Nassr
24,Tunisia,G,MF,Ghailene Chaalali,28-02-94,4,1,Tunisia Espérance
26,Tunisia,G,MF,Mohamed Amine Ben Amor,01-01-92,24,1,Saudi Arabia Al-Ahli
25,Tunisia,G,MF,Naïm Sliti,27-07-92,14,3,France Dijon
23,Tunisia,G,MF,Saîf-Eddine Khaoui,27-04-95,2,0,France Troyes
31,Colombia,H,DF,Cristián Zapata,30-09-86,55,2,Italy Milan
22,Colombia,H,DF,Dávinson Sánchez,12-05-96,8,0,England Tottenham Hotspur
27,Colombia,H,DF,Frank Fabra,22-02-91,18,1,Argentina Boca Juniors
26,Colombia,H,DF,Johan Mojica,21-08-91,3,1,Spain Girona
30,Colombia,H,DF,Óscar Murillo,18-04-88,12,0,Mexico Pachuca
26,Colombia,H,DF,Santiago Arias,13-01-92,40,0,Netherlands PSV Eindhoven
23,Colombia,H,DF,Yerry Mina,23-09-94,11,3,Spain Barcelona
31,Colombia,H,FW,Carlos Bacca,08-09-86,44,14,Spain Villarreal
27,Colombia,H,FW,Luis Muriel,16-04-91,18,2,Spain Sevilla
25,Colombia,H,FW,Miguel Borja,26-01-93,6,2,Brazil Palmeiras
32,Colombia,H,FW,Radamel Falcao (captain),10-02-86,72,29,France Monaco
29,Colombia,H,GK,Camilo Vargas,09-03-89,5,0,Colombia Deportivo Cali
29,Colombia,H,GK,David Ospina,31-08-88,85,0,England Arsenal
33,Colombia,H,GK,José Fernando Cuadrado,01-06-85,1,0,Colombia Once Caldas
33,Colombia,H,MF,Abel Aguilar,06-01-85,70,7,Colombia Deportivo Cali
32,Colombia,H,MF,Carlos Sánchez,06-02-86,84,0,Spain Espanyol
26,Colombia,H,MF,James Rodríguez,12-07-91,62,21,Germany Bayern Munich
23,Colombia,H,MF,Jefferson Lerma,25-10-94,4,0,Spain Levante
25,Colombia,H,MF,José Izquierdo,07-07-92,4,1,England Brighton & Hove Albion
30,Colombia,H,MF,Juan Cuadrado,26-05-88,69,7,Italy Juventus
25,Colombia,H,MF,Juan Fernando Quintero,18-01-93,14,2,Argentina River Plate
27,Colombia,H,MF,Mateus Uribe,21-03-91,7,0,Mexico América
24,Colombia,H,MF,Wílmar Barrios,16-10-93,10,0,Argentina Boca Juniors
25,Japan,H,DF,Gen Shoji,11-12-92,10,1,Japan Kashima Antlers
27,Japan,H,DF,G?toku Sakai,14-03-91,38,0,Germany Hamburger SV
28,Japan,H,DF,Hiroki Sakai,12-04-90,41,0,France Marseille
29,Japan,H,DF,Maya Yoshida,24-08-88,80,10,England Southampton
23,Japan,H,DF,Naomichi Ueda,24-10-94,3,0,Japan Kashima Antlers
31,Japan,H,DF,Tomoaki Makino,11-05-87,30,4,Japan Urawa Red Diamonds
25,Japan,H,DF,Wataru Endo,09-02-93,11,0,Japan Urawa Red Diamonds
31,Japan,H,DF,Yuto Nagatomo,12-09-86,103,3,Turkey Galatasaray
32,Japan,H,FW,Shinji Okazaki,16-04-86,111,50,England Leicester City
25,Japan,H,FW,Yoshinori Mut?,15-07-92,21,2,Germany Mainz 05
28,Japan,H,FW,Yuya Osako,18-05-90,26,7,Germany 1. FC Köln
35,Japan,H,GK,Eiji Kawashima,20-03-83,82,0,France Metz
23,Japan,H,GK,Kosuke Nakamura,27-02-95,3,0,Japan Kashiwa Reysol
32,Japan,H,GK,Masaaki Higashiguchi,12-05-86,4,0,Japan Gamba Osaka
26,Japan,H,MF,Gaku Shibasaki,28-05-92,15,3,Spain Getafe
27,Japan,H,MF,Genki Haraguchi,09-05-91,30,6,Germany Fortuna Düsseldorf
27,Japan,H,MF,Hotaru Yamaguchi,06-10-90,40,2,Japan Cerezo Osaka
32,Japan,H,MF,Keisuke Honda,13-06-86,93,36,Mexico Pachuca
34,Japan,H,MF,Makoto Hasebe (captain),18-01-84,108,2,Germany Eintracht Frankfurt
25,Japan,H,MF,Ryota Oshima,23-01-93,3,0,Japan Kawasaki Frontale
29,Japan,H,MF,Shinji Kagawa,17-03-89,89,29,Germany Borussia Dortmund
30,Japan,H,MF,Takashi Inui,02-06-88,25,2,Spain Eibar
26,Japan,H,MF,Takashi Usami,06-05-92,21,3,Germany Fortuna Düsseldorf
30,Poland,H,DF,Artur J?drzejczyk,04-11-87,35,3,Poland Legia Warsaw
25,Poland,H,DF,Bartosz Bereszy?ski,12-07-92,6,0,Italy Sampdoria
22,Poland,H,DF,Jan Bednarek,12-04-96,1,0,England Southampton
30,Poland,H,DF,Kamil Glik,03-02-88,57,4,France Monaco
33,Poland,H,DF,?ukasz Piszczek,03-06-85,61,3,Germany Borussia Dortmund
30,Poland,H,DF,Micha? Pazdan,21-09-87,31,0,Poland Legia Warsaw
32,Poland,H,DF,Thiago Cionek,21-04-86,17,0,Italy SPAL
24,Poland,H,FW,Arkadiusz Milik,28-02-94,38,12,Italy Napoli
21,Poland,H,FW,Dawid Kownacki,14-03-97,1,0,Italy Sampdoria
27,Poland,H,FW,?ukasz Teodorczyk,03-06-91,15,4,Belgium Anderlecht
29,Poland,H,FW,Robert Lewandowski (captain),21-08-88,93,52,Germany Bayern Munich
23,Poland,H,GK,Bartosz Bia?kowski,01-10-94,1,0,England Ipswich Town
24,Poland,H,GK,?ukasz Fabia?ski,29-07-93,43,0,Wales Swansea City
34,Poland,H,GK,Wojciech Szcz?sny,01-01-84,33,0,Italy Juventus
28,Poland,H,MF,Grzegorz Krychowiak,29-01-90,49,2,England West Bromwich Albion
25,Poland,H,MF,Jacek Góralski,21-09-92,3,0,Bulgaria Ludogorets Razgrad
32,Poland,H,MF,Jakub B?aszczykowski,14-12-85,97,19,Germany VfL Wolfsburg
30,Poland,H,MF,Kamil Grosicki,08-06-88,56,12,England Hull City
23,Poland,H,MF,Karol Linetty,02-02-95,19,1,Italy Sampdoria
28,Poland,H,MF,Maciej Rybus,19-08-89,49,2,Russia Lokomotiv Moscow
24,Poland,H,MF,Piotr Zieli?ski,20-05-94,31,4,Italy Napoli
25,Poland,H,MF,Rafa? Kurzawa,29-01-93,3,0,Poland Górnik Zabrze
33,Poland,H,MF,S?awomir Peszko,19-02-85,43,2,Poland Lechia Gda?sk
26,Senegal,H,DF,Kalidou Koulibaly,20-06-91,23,0,Italy Napoli
28,Senegal,H,DF,Kara Mbodji,11-11-89,51,5,Belgium Anderlecht
28,Senegal,H,DF,Lamine Gassama,20-10-89,34,0,Turkey Alanyaspor
19,Senegal,H,DF,Moussa Wagué,04-10-98,8,0,Belgium Eupen
27,Senegal,H,DF,Salif Sané,25-08-90,19,0,Germany Hannover 96
28,Senegal,H,DF,Saliou Ciss,15-09-89,17,0,France Valenciennes
25,Senegal,H,DF,Youssouf Sabaly,05-03-93,3,0,France Bordeaux
28,Senegal,H,FW,Diafra Sakho,24-12-89,9,3,France Rennes
20,Senegal,H,FW,Ismaïla Sarr,25-02-98,13,2,France Rennes
23,Senegal,H,FW,Keita Baldé,08-03-95,16,3,France Monaco
30,Senegal,H,FW,Mame Biram Diouf,16-12-87,46,10,England Stoke City
23,Senegal,H,FW,M'Baye Niang,19-12-94,4,0,Italy Torino
25,Senegal,H,FW,Moussa Konaté,03-04-93,26,9,France Amiens
32,Senegal,H,FW,Moussa Sow,19-01-86,50,18,Turkey Bursaspor
26,Senegal,H,FW,Sadio Mané,10-04-92,51,14,England Liverpool
26,Senegal,H,GK,Abdoulaye Diallo,30-03-92,16,0,France Rennes
34,Senegal,H,GK,Alfred Gomis,31-05-84,1,0,Italy SPAL
33,Senegal,H,GK,Khadim N'Diaye,05-04-85,25,0,Guinea Horoya
28,Senegal,H,MF,Alfred N'Diaye,06-03-90,18,0,England Wolverhampton Wanderers
27,Senegal,H,MF,Badou Ndiaye,27-10-90,17,1,England Stoke City
32,Senegal,H,MF,Cheikh N'Doye,29-03-86,23,3,England Birmingham City
28,Senegal,H,MF,Cheikhou Kouyaté (captain),21-12-89,46,2,England West Ham United
28,Senegal,H,MF,Idrissa Gueye,26-09-89,58,1,England Everton
